1.1769104,2.6409912,10.283539
0.16763306,2.8623657,6.9141235
3.617981,2.3529663,10.578705
0.962677,2.9659119,7.4461365
2.6967773,1.9054565,13.067383
0.5734863,2.2065735,8.9410095
0.40924072,1.4317627,6.404724
2.5908508,2.870697,11.086914
3.0014648,1.8721313,7.6829834
6.2185364,-0.96170044,3.7172852
3.80484,-0.17617798,10.057404
6.549408,0.30941772,9.795563
2.8181763,0.07376099,11.016693
1.4363708,-2.2125854,8.185242
1.1114502,-2.685089,10.195465
1.6101379,0.5093689,14.5920105
1.5780029,1.5757751,15.728638
4.8343506,-1.1354675,7.5437317
5.9638367,1.8495178,6.3737793
-1.7807007,2.793335,9.7812805
-0.62145996,3.139679,7.3187866
-3.0446777,3.2705994,11.842682
-0.99160767,3.8668823,6.834381
-0.7833252,4.2513123,7.713928
-0.8749695,4.4762573,8.676788
-1.9901733,5.486725,8.733917
-2.103241,4.8678284,8.408997
-3.0541992,5.429596,8.554199
-1.2784424,5.860443,8.5625305
-2.3972168,6.8625793,8.735107
-0.48815918,7.796875,10.763184
5.40683,7.0351563,5.7715454
3.9167175,7.285095,3.4375916
2.9467163,7.481476,1.2048035
3.86792,7.520752,1.471405
2.7741394,8.132507,0.8084717
2.9883728,8.46933,0.13601685
4.6998596,8.246765,1.7070618
3.6834412,8.931122,2.1283875
4.1868896,9.297699,0.88583374
4.7581787,8.559784,2.2390747
6.4744263,8.370544,1.4297485
7.8740845,7.8766174,0.76919556
2.1707153,8.011108,0.76086426
3.9309998,9.36792,3.10672
4.3463745,8.712128,1.7796631
4.1142883,8.666901,1.4309387
3.5382385,8.828766,0.881073
3.4180298,9.596436,4.055298
2.4206543,10.158203,5.60849
2.6586914,8.612152,3.138855
3.6798706,7.880188,2.2652588
1.3363953,9.546448,4.7967834
2.9026794,9.342926,3.5101929
3.2549744,8.2789,-1.0089417
0.058135986,7.0934753,5.1633606
-0.4131775,9.507172,5.8048706
-1.3558044,13.659729,2.8448792
-1.6188354,8.365784,5.0526733
-1.1975098,8.633575,6.2714233
0.087890625,8.766876,4.570648
2.7741394,8.481232,5.47876
4.209503,10.112976,4.3349915
-6.7235413,6.6447754,5.615631
-7.93277,4.0489807,13.912415
-0.107299805,8.224152,13.414917
-2.7947388,9.727356,5.147888
-5.696411,3.8085632,5.910797
4.0452576,6.313904,4.2076416
8.203766,1.510315,1.7749023
11.048309,1.818573,4.6372986
9.565338,9.75592,1.3726196
6.773163,7.3886414,-2.3990784
5.498474,6.974457,-0.67807007
1.6708374,12.113678,-6.8396606
5.434204,6.16037,-3.8356323
6.414917,7.6778564,-5.482849
7.8098145,5.640259,-5.579254
3.0931091,8.654999,-6.231476
3.7358093,-0.7903137,-4.8889465
3.9762268,3.2598877,1.7332458
9.3558655,9.065613,-5.000824
9.343964,12.656403,0.041992188
8.1371155,6.892334,-3.0846252
8.278748,5.705719,-1.9063416
7.1623535,7.3898315,-2.0146484
6.632721,7.4148254,-1.9456177
6.485138,6.1460876,-2.499054
7.5967712,5.828308,-2.383606
8.314453,4.6714478,-2.294342
9.917633,4.403656,-2.1110535
8.769104,4.8892517,-1.107727
8.373962,5.6973877,0.39904785
8.702454,6.155609,0.1479187
6.986206,8.966827,-0.22579956
6.7326965,7.975403,-1.5385742
8.188293,4.799988,-6.630188
4.952179,11.582855,3.2269287
2.7431946,10.570007,3.9053345
4.555847,8.876373,4.6289673
5.291382,8.305084,3.7315674
7.369446,9.209625,4.9753113
7.1445007,7.7754517,3.2971497
7.01239,8.452667,4.9074707
5.742462,6.4400635,4.884857
6.2399597,5.4022217,4.7979736
6.3875427,2.1684875,-2.0075073
11.725525,9.250092,-2.2134094
7.9907227,9.674988,-5.4733276
6.704132,18.400238,4.3290405
-2.7471313,8.577637,-0.4685974
-4.964447,0.94259644,1.3012085
-1.1296692,1.7757263,1.638031
22.66809,2.8671265,-10.766083
6.8148193,8.222961,-0.68759155
3.246643,9.295319,2.1438599
3.9309998,9.138214,-0.32577515
5.2366333,9.332214,-0.62094116
6.6029663,9.185822,0.65493774
4.861725,10.890167,1.5463867
4.534424,8.269379,-0.66378784
6.7445984,4.5988464,-2.0896301
8.187103,7.201782,-1.6433105
6.5137024,11.197235,1.7034912
3.3013916,8.78949,-0.79589844
2.7669983,10.655701,1.6630249
1.950531,11.066315,2.2117004
3.2740173,7.8325806,-2.0932007
8.203766,10.424805,-1.4635925
5.697235,14.638062,0.2800293
2.8050842,10.39624,-2.3943176
3.6655884,8.745453,-1.2695923
7.474182,6.8768616,-5.3388367
6.2185364,4.0097046,-5.4971313
1.8112793,6.706665,-6.3064575
0.23547363,7.0303955,-5.7363586
-1.2593994,6.116333,-4.4973755
-2.3246155,7.3243713,-4.9520264
3.2763977,8.034912,-4.8127747
4.029785,9.339355,-4.5307007
3.4156494,8.380066,-4.736603
1.2614136,10.446228,-7.213379
0.2461853,10.157013,-1.953949
0.0010070801,8.483612,-1.7778015
3.2311707,8.161072,-7.232422
3.861969,7.4017334,-5.211487
3.6584473,7.232727,-4.352173
5.273529,7.008972,-3.0405884
8.74054,5.366516,-5.8756104
10.192566,5.3688965,-2.633545
9.31897,7.6135864,-3.4452515
6.4518127,5.1332397,-10.705383
5.511566,10.390289,-5.6637573
3.7834167,9.671417,-2.5073853
3.175232,6.6959534,-4.91156
5.6686707,7.282715,-4.1962585
4.964081,7.341034,-6.4849854
6.311371,6.885193,-5.4971313
3.4156494,4.0918274,-2.7037659
1.9124451,8.233673,-3.0786743
4.6974792,7.342224,-8.665405
3.4418335,5.00589,-4.062958
2.2183228,7.7933044,-2.5097656
1.1245422,9.758301,-5.2495728
1.3828125,12.043457,-5.4530945
3.2633057,12.196991,-4.065338
8.565582,10.13678,-8.455933
4.440399,7.425537,-5.3519287
0.9234009,5.8747253,-2.4240723
0.122406006,6.680481,-1.1255798
-1.2689209,5.7426147,-1.9837036
-1.5819397,5.411743,-5.031769
-2.456726,9.300079,-4.3033752
1.2340393,7.3505554,0.18838501
7.102844,10.409332,-4.4783325
5.0783386,4.4119873,-3.0263062
3.7227173,4.1132507,-1.2922058
2.6455994,3.357483,-1.5588074
2.720581,3.1551514,-2.485962
2.3575745,4.454834,-1.9682312
2.2683105,5.2034607,-0.6685486
2.0231323,5.705719,-0.62213135
1.6494141,6.0961,-0.73876953
1.1650085,7.213684,-0.85183716
1.1816711,8.571686,-1.0648804
0.39138794,7.1125183,-1.4505005
-0.5583801,6.2163086,-2.3336182
-1.1499023,6.9328003,-4.480713
-2.3936462,8.47052,-6.154114
-2.2270203,9.711884,-5.0043945
2.4004211,8.829956,-5.4602356
4.405884,8.997772,-6.558777
5.4163513,10.8342285,-4.057007
6.189972,12.939667,-3.0144043
9.1571045,12.6623535,-6.496887
10.133057,12.461212,-8.378571
6.549408,13.381226,-7.2669373
5.9114685,13.434784,-5.539978
4.7070007,13.809692,-6.4028625
3.6739197,14.327423,-6.5516357
3.1216736,13.441925,-5.111511
2.4611206,10.675934,-3.698761
1.873169,9.938019,-3.8808594
0.5532532,10.042755,-5.700653
-0.83688354,7.8849487,-6.70755
0.034332275,5.8556824,-3.9546509
0.25808716,3.9382935,-2.4764404
0.24856567,2.5850525,-1.601654
0.7413025,2.6731262,-1.2088928
0.53182983,2.7719116,-0.77804565
0.22714233,2.8040466,-0.47216797
0.20095825,4.8868713,-1.389801
-0.1894226,4.8821106,-1.177948
0.20690918,4.7226257,-3.166748
0.4437561,5.4712524,-2.2443542
0.0652771,5.552185,-0.66973877
-0.29891968,7.098236,-2.0229797
0.7901001,10.358154,-5.7982483
0.1807251,12.551666,-8.8272705
1.7124939,11.382904,-5.2019653
3.9548035,12.621887,-0.8911133
4.6593933,13.645447,-3.8951416
6.0971375,11.413849,-7.9798584
6.394684,11.488831,-3.634491
8.435852,12.9253845,-6.9539185
8.753632,11.29126,-7.751343
8.22757,10.408142,-5.778015
6.800537,12.692108,-6.815857
7.0599976,14.997498,-5.1567383
5.6651,12.673065,-6.4147644
4.7557983,10.947296,-7.9048767
5.446106,9.514313,-4.089142
5.543701,7.3434143,-2.9513245
4.8391113,5.764038,-3.391693
3.2752075,4.795227,-2.262207
2.636078,3.377716,-1.883728
2.5444336,2.1494446,-2.2693481
2.643219,1.7304993,-2.1431885
3.7322388,2.280365,-2.178894
2.45755,3.9013977,-3.384552
2.2111816,6.136566,-1.524292
1.3114014,6.622162,-0.45907593
0.12716675,6.256775,-1.8396912
1.0947876,7.4671936,-2.2991028
1.835083,6.8816223,-3.1572266
2.9360046,8.365784,-7.900116
4.0309753,9.679749,-6.739685
7.082611,11.692352,-8.355957
8.189484,13.189606,-6.7218323
6.094757,12.8992,-4.963928
6.4387207,12.836121,-4.91037
5.2651978,15.379547,-4.6199646
3.4442139,13.981079,-6.4159546
4.9938354,10.8532715,-8.160767
3.958374,11.767334,-3.5487976
2.1659546,10.985382,-2.839447
2.0826416,10.180817,-6.8587036
1.1852417,8.297943,-4.0867615
0.5508728,5.986603,-2.0396423
0.500885,5.468872,-1.4290771
0.34378052,4.903534,-0.92800903
-0.16442871,4.4405518,0.21694946
-0.75,3.800232,0.6751709
-0.72857666,4.68573,0.11578369
-1.0737305,5.6973877,-1.5231018
-1.6402588,5.3105774,-2.9465637
0.46517944,5.249878,-1.1636658
1.078125,5.1320496,-2.512146
1.4220886,3.652649,-7.644226
1.7220154,5.13443,-3.7130432
1.7946167,6.4472046,-0.5292969
3.110962,10.335541,-4.161743
4.881958,12.047028,-11.845581
6.164978,13.196747,-6.0053406
5.7138977,17.156494,-2.6394958
4.1083374,15.429535,-7.9263
3.9607544,14.918945,-5.5292664
3.0621643,17.142212,-5.7554016
1.848175,15.674713,-8.18338
3.2168884,10.978241,-5.994629
1.802948,11.0841675,-4.0986633
1.6101379,7.996826,-3.6809082
1.9445801,4.1810913,-4.365265
2.3897095,3.4943542,-1.6921082
2.9241028,1.4627075,-2.5038147
5.8721924,1.2901306,-5.917267
7.4444275,4.037079,-4.769928
9.920013,7.173218,-1.6302185
13.827393,6.3555603,3.4780579
7.935974,4.442932,-6.593292
8.979767,4.190613,-4.3450317
8.1180725,5.095154,-3.3048096
6.4768066,2.787384,-5.0543823
5.960266,2.6231384,-7.046753
6.151886,6.73761,-5.557831
4.7629395,9.682129,-2.4812012
3.0300293,11.0329895,-4.904419
3.1847534,14.808258,-6.0172424
1.8719788,16.667328,-6.5682983
0.72821045,17.928925,-7.150299
-1.064209,18.623993,-6.2874146
-4.027771,15.573547,-6.874176
-4.3074646,13.2074585,-8.191711
1.0721741,9.091797,-2.9501343
1.2590332,6.5816956,0.17529297
0.7496338,5.129669,2.0046082
-0.47506714,3.1384888,-0.0032348633
-1.026123,1.2520447,-1.8884888
-0.4607849,1.0532837,-3.031067
-0.74642944,1.79953,-2.691864
-0.39056396,2.191101,-0.4043274
0.120025635,4.064453,0.9477234
-0.97732544,4.5750427,-1.5814209
-1.6462097,4.416748,-5.9981995
-0.56433105,4.6631165,-6.912262
-1.7795105,6.102051,-4.802063
-2.1817932,8.436005,-4.3295593
-2.116333,9.294128,-5.81015
2.4480286,10.425995,-6.7611084
7.1123657,18.019379,-4.1843567
13.739319,16.986298,-10.711334
17.991852,16.027008,-12.760834
18.503632,15.311707,-11.600403
8.995239,11.152008,-8.928436
6.197113,7.3719788,-4.5354614
3.606079,5.122528,-2.3240967
2.6087036,4.0299377,-1.2791138
1.4149475,2.4743652,-1.0970154
0.9376831,1.1520691,-2.211029
1.3197327,1.998291,-4.7592163
-0.09539795,1.3984375,-3.782074
1.032898,0.5022278,-4.26886
3.3442383,2.2268066,-4.243866
4.915283,6.2591553,-1.5314331
4.278534,8.644287,2.093872
5.2687683,7.3303223,-4.14151
7.940735,8.395538,-7.0062866
4.971222,10.126068,-4.2010193
3.5203857,9.335785,-7.3193054
1.9862366,10.84375,-11.96579
-0.32748413,12.805176,-9.807983
-0.85235596,13.309814,-5.034149
0.321167,14.194122,-2.7061462
0.2295227,15.353363,-1.4612122
0.9198303,10.245087,-7.1003113
3.8024597,7.385071,-3.4892883
4.2642517,8.838287,-0.8982544
2.5956116,6.3388977,-2.5276184
3.7762756,4.6452637,-3.2084045
3.502533,4.634552,-3.019165
2.374237,2.6766968,-4.2676697
2.6872559,1.4543762,-8.171478
1.5411072,3.2777405,-6.8015747
2.1385803,7.270813,-2.8799133
-0.05731201,6.5162354,0.11102295
-2.5150452,5.448639,-5.8303833
0.32235718,5.505768,-6.4480896
1.5791931,6.8685303,-2.2372131
1.950531,9.508362,-4.6461487
5.5210876,15.261719,-6.0124817
5.7948303,14.530945,-3.031067
7.39682,11.8089905,-2.518097
9.786713,10.813995,-6.2052917
5.804352,8.418152,-9.647308
4.2702026,8.032532,-9.458069
4.3713684,6.705475,-3.9141846
4.9878845,6.7019043,-3.6999512
3.8155518,8.064667,-2.4002686
3.2180786,9.051331,-0.77804565
1.0721741,8.53479,2.671112
-1.4926758,7.4802856,-0.82089233
-3.9801636,6.0961,-13.015533
0.47827148,3.2848816,-5.6697083
2.354004,5.3677063,-3.7475586
3.0133667,12.70639,-1.3112488
0.5770569,10.518829,-0.536438
3.9214783,9.923737,-7.3704834
3.4204102,10.166534,-1.9420471
0.60324097,9.526215,-1.63974
2.5741882,8.53717,-12.246674
4.837921,9.88327,-8.177429
3.9619446,9.841614,-4.937744
4.3927917,8.458618,-4.185547
5.4187317,9.759491,-3.5345154
5.8162537,8.043243,-2.6871033
2.899109,7.066101,-3.6654358
3.5191956,5.641449,-5.6768494
4.028595,3.8573608,-9.166473
5.4639587,5.172516,-8.108398
3.252594,5.975891,-3.1715088
2.6313171,7.899231,-5.3638306
3.3311462,7.9289856,-3.524994
2.6801147,8.609772,-2.050354
2.1266785,5.365326,-1.2910156
4.233307,4.725006,-5.431671
3.0847778,4.377472,-4.2914734
3.2371216,7.296997,-4.040344
3.0335999,11.555481,-2.4145508
1.4470825,13.672821,-2.7120972
5.208069,13.191986,-9.765137
3.8643494,13.430023,-3.6642456
1.6875,11.651886,-6.6861267
1.6196594,10.148682,-5.738739
2.1778564,9.020386,-5.887512
3.2478333,6.9006653,-6.0493774
4.119049,4.827362,-5.731598
4.8224487,4.998749,-5.431671
3.2109375,4.922577,-1.8444519
2.8027039,4.466736,0.11697388
4.979553,7.205353,-0.5935669
2.5265808,7.014923,-3.1048584
2.8598328,6.8649597,-7.9869995
2.5706177,9.823761,-6.7551575
2.951477,7.963501,-4.9210815
4.2642517,7.8754272,-9.034363
5.678192,8.990631,-3.3952637
5.760315,11.939911,-0.6506958
3.6965332,8.994202,0.848938
6.8148193,9.920166,-2.460968
4.1845093,10.9711,-5.012726
4.0452576,9.438141,-6.245758
6.8207703,11.966095,-11.6111145
4.6867676,14.090576,-7.572815
3.9417114,10.161774,-5.42334
3.3132935,7.431488,-4.9924927
2.764618,5.2998657,-3.3298035
1.5649109,4.313202,-2.9322815
0.911499,2.3743896,-4.1688843
2.7098694,1.0413818,-5.8256226
2.52182,1.9840088,-4.5176086
3.7608032,3.1027832,-3.127472
3.7762756,4.498871,-1.8587341
5.1473694,4.2905884,-3.3440857
5.1104736,5.5105286,-6.1207886
4.258301,5.84021,-7.02652
3.1835632,7.615967,-9.8151245
5.837677,13.53952,-4.7235107
-1.3641357,16.376923,-5.179352
-1.5319519,14.514282,-8.578522
-0.13705444,11.609039,-2.0158386
-1.429596,11.10321,-2.2098389
-4.240814,9.6987915,-8.345245
1.3637695,7.4541016,-3.6487732
2.983612,7.032776,-2.6168823
3.2549744,6.326996,-2.6061707
4.3201904,6.578125,-1.6837769
4.38208,6.3638916,-5.493561
3.7512817,5.8771057,-9.973419
4.4439697,7.7671204,-4.5949707
3.4882507,9.033478,-0.39956665
0.5853882,7.5112305,-1.3874207
1.2197571,4.742859,-8.674927
2.9729004,3.550293,-3.7225647
3.4370728,5.405792,-0.8994446
3.785797,6.0473022,-0.16748047
5.015259,8.089661,-10.084106
4.985504,8.509796,-3.8760986
5.016449,10.635468,-2.5002441
5.0319214,9.678558,-10.689911
8.80481,10.256989,-12.848907
9.726013,10.658081,-5.770874
5.9257507,11.732819,-0.5007324
2.5456238,7.6207275,-5.4995117
6.0078735,7.0303955,-6.233856
2.3778076,6.9149475,-1.9063416
1.6006165,6.8125916,-3.967743
1.5791931,8.202728,-5.6137695
1.642273,7.5814514,-2.9846497
2.1290588,8.119415,-3.4976196
1.9445801,8.112274,-1.556427
0.71987915,8.167023,-2.762085
1.3161621,7.1268005,-5.4602356
2.4658813,5.9842224,-3.089386
3.6405945,8.245575,-5.570923
4.652252,10.260559,-5.61734
4.5951233,11.285309,-3.9582214
4.862915,9.649994,-6.508789
4.1095276,8.372925,-5.3650208
3.6620178,8.653809,-2.1836548
1.9172058,8.838287,0.39904785
-0.41793823,9.290558,-4.7663574
1.309021,8.815674,-11.294525
3.3335266,7.1910706,-5.8898926
4.3190002,8.0503845,-1.1946106
5.85791,8.265808,-0.15319824
5.4163513,10.065369,-8.977234
5.247345,8.132507,-6.483795
4.0892944,7.400543,-2.5966492
2.2278442,7.687378,-2.6716309
0.8079529,6.576935,-2.5323792
0.33544922,6.4531555,-3.3357544
-0.28463745,8.093231,-2.5395203
-2.3936462,8.514557,-6.9039307
1.6577454,12.933716,-5.0293884
1.7934265,12.073212,-1.344574
3.4275513,13.005127,-1.6873474
3.5596619,12.481445,0.2800293
3.6322632,9.915405,-10.642303
5.779358,6.468628,-12.522797
9.080933,7.1137085,-7.2050476
9.107117,9.077515,-5.476898
5.3389893,7.348175,-3.032257
6.6541443,5.1641846,-4.5247498
4.2309265,4.4072266,-3.3452759
3.0490723,2.946869,-1.9956055
2.4028015,1.1163635,-4.3128967
2.739624,2.3946228,-7.0812683
2.3266296,4.082306,-2.4681091
3.4739685,5.1249084,-2.4895325
2.111206,10.033234,-4.3378906
2.6444092,9.107269,-9.665161
2.5242004,10.696167,-6.994385
3.2442627,13.062256,-2.6990051
0.6520386,12.921814,-0.24484253
-2.5662231,13.382416,-5.7161255
2.3825684,7.494568,-2.5871277
-0.5274353,10.337921,-8.298828
5.355652,12.632599,-7.772766
8.045471,6.03421,-4.3319397
4.3130493,4.5286255,-5.544739
2.931244,7.9599304,-4.59021
2.2754517,9.071564,-8.017944
4.792694,11.791138,-6.3623962
2.3444824,9.273895,-7.3323975
3.4739685,7.039917,-5.6197205
1.9564819,5.229645,-1.7706604
2.4230347,5.0415955,-4.475952
3.7643738,11.369812,-4.687805
3.5834656,11.310303,-7.0384216
4.1523743,5.097534,-6.207672
2.9729004,4.678589,-5.9267883
4.117859,5.545044,-4.84848
5.98526,8.40863,-4.468811
4.2309265,15.969879,-6.1088867
1.3851929,7.804016,-5.8434753
2.0874023,5.556946,-1.1410522
2.2730713,6.013977,-6.333832
3.74057,9.479797,-5.692322
2.6658325,7.8337708,-6.6896973
5.396118,10.766388,-10.973175
8.412048,7.118469,-4.9913025
3.387085,5.0677795,-3.9201355
1.9850464,9.5833435,-3.3643188
4.3796997,7.905182,-7.084839
3.3894653,9.779724,-4.9579773
2.9086304,9.273895,-7.5644836
4.733185,6.61026,-7.176483
3.1859436,6.1187134,-2.768036
1.3482971,8.6276245,-2.7478027
3.3823242,7.905182,-5.7732544
4.4165955,8.864471,-7.5561523
7.2718506,9.213196,-7.777527
4.5439453,5.685486,-4.359314
1.995758,5.9318542,-4.178406
1.8815002,10.185577,-3.641632
4.5975037,8.259857,-5.111511
3.759613,11.187714,-5.7851563
3.7191467,7.631439,-1.0874939
2.6896362,7.7623596,-6.398102
2.732483,9.491699,-2.0646362
1.1721497,7.194641,-4.5485535
5.7388916,12.116058,-9.957947
6.376831,6.4733887,-4.347412
4.405884,1.9352112,-6.4421387
3.8096008,7.8266296,-3.9118042
2.7824707,9.021576,-1.6242676
4.51062,12.412415,-5.829193
3.984558,9.584534,-4.733032
2.4480286,4.8678284,-2.7799377
2.0540771,5.7652283,-5.3566895
1.8779297,9.802338,-3.025116
3.2026062,6.230591,-5.5887756
3.8536377,9.308411,-3.0263062
5.7305603,8.482422,-10.384033
3.8286438,7.327942,-6.956299
1.8505554,5.90567,-2.107483
4.132141,5.1641846,-4.585449
4.4415894,9.672607,-3.454773
3.6298828,12.851593,-4.700897
1.5161133,8.618103,-3.6618652
2.8776855,4.5988464,-2.884674
3.6774902,9.655945,-2.9751282
2.4408875,7.5945435,-4.295044
7.4967957,12.863495,-6.5123596
5.722229,7.264862,-6.379059
1.9017334,6.4067383,-3.223877
2.1254883,4.5619507,-3.3286133
0.86865234,2.7540588,-4.9865417
2.6634521,5.5438538,-5.174591
2.2099915,5.245117,-1.2374573
1.9945679,4.187042,-3.5368958
2.2088013,3.3753357,-5.2495728
2.2980652,5.097534,-1.8908691
0.750824,7.7623596,-0.60665894
0.34854126,5.360565,-8.286926
7.0219116,8.322937,-10.522095
7.037384,14.701141,-1.4028931
2.7598572,16.091278,-0.096069336
7.5717773,16.142456,-9.894867
6.839813,10.815186,-4.448578
4.6724854,9.724976,-6.098175
2.6336975,11.090118,-5.5554504
3.7738953,9.589294,-8.752289
3.8453064,9.082275,-1.5528564
1.6541748,8.0849,-2.6192627
2.5313416,4.267975,-8.37619
3.8714905,2.382721,-5.5233154
2.0290833,2.537445,-4.7413635
2.7158203,3.3396301,-2.5645142
3.6489258,5.570038,-1.7897034
2.1373901,6.3388977,-1.7849426
3.176422,4.7928467,-7.7501526
4.592743,6.937561,-10.851776
5.6436768,11.576904,-3.8987122
4.438019,15.039154,-0.21865845
5.6805725,14.778503,-3.1881714
6.998108,12.246979,-6.0053406
4.5058594,10.492645,-5.494751
3.1014404,9.5833435,-6.8563232
4.754608,9.267944,-7.8656006
3.7191467,10.084412,-3.5952148
4.515381,9.431,-7.366913
3.8845825,7.2470093,-4.788971
3.2752075,5.917572,-3.1298523
2.2480774,5.2927246,-1.9967957
1.3447266,4.3036804,-0.9065857
0.57110596,4.1180115,-2.5835571
-0.075164795,4.037079,-4.744934
0.4104309,6.115143,-3.6511536
0.8079529,9.098938,-1.4231262
-0.9797058,10.453369,-3.1929321
2.881256,11.410278,-6.488556
3.169281,10.157013,-3.7297058
3.4394531,11.053223,-4.706848
2.592041,11.3793335,-5.1376953
2.5313416,7.6528625,-8.536865
5.2509155,7.2148743,-5.6649475
4.6736755,6.48291,-0.53881836
5.7757874,7.073242,-8.544006
5.4711,6.8828125,-8.278595
6.837433,5.6128845,-7.6216125
6.3982544,5.6842957,-5.457855
6.1792603,5.867584,-4.237915
3.5180054,7.1339417,-3.4131165
2.1457214,6.937561,-6.099365
3.7691345,8.388397,-5.334076
3.2930603,11.507874,-1.460022
0.29974365,10.97348,-2.2776794
4.5141907,9.584534,-8.002472
4.617737,9.30484,-3.8106384
1.6101379,6.989929,-1.800415
3.4204102,4.4833984,-9.429504
3.8215027,6.616211,-3.8606262
3.0978699,7.6528625,-0.07821655
3.5453796,10.527161,-0.26150513
2.7051086,10.823517,-8.793945
5.779358,10.941345,-11.110046
2.675354,10.001099,-7.509735
3.7346191,9.260803,-6.8182373
3.913147,9.847565,-2.7954102
3.130005,6.949463,0.39785767
5.8983765,4.963043,-4.430725
4.357086,3.941864,-4.7223206
3.3501892,5.1689453,-1.1946106
1.3423462,6.071106,-0.8470764
-0.62145996,6.399597,-8.37381
2.0302734,6.859009,-9.136719
3.0335999,9.521454,-2.7632751
1.1078796,9.11203,1.0536499
2.386139,9.509552,-4.4069214
2.5003967,6.8756714,-3.4976196
2.470642,6.6400146,-5.449524
2.4837341,8.1658325,-7.7382507
4.8343506,10.599762,-5.7470703
5.966217,11.309113,-5.8375244
8.185913,13.02417,-3.429779
7.8240967,13.161041,-6.822998
7.0921326,9.49527,-10.336426
4.2690125,6.257965,-3.153656
2.3254395,3.8490295,-4.1879272
3.085968,3.7966614,-6.092224
1.7315369,5.621216,-2.5157166
0.17477417,4.1810913,-1.4064636
1.6327515,7.1446533,-4.615204
0.8460388,5.6247864,-4.6056824
4.2892456,5.891388,-7.452606
4.5308533,8.034912,-3.75708
4.292816,11.557861,-2.075348
2.9050598,10.126068,-3.1250916
6.062622,7.6766663,-9.377136
5.3211365,9.266754,-6.124359
3.0776367,10.351013,0.52163696
0.699646,11.836365,-3.128662
3.2561646,12.492157,-6.64447
3.0550232,11.374573,-4.8294373
1.757721,9.453613,-8.685638
3.4692078,5.7723694,-10.434021
3.2692566,7.175598,-3.5214233
1.526825,5.2403564,0.63708496
3.3156738,4.904724,-2.0979614
5.8781433,5.283203,-9.059357
3.245453,4.982086,-2.6323547
3.3085327,4.9201965,-2.1610413
1.8422241,5.295105,-6.9217834
2.2361755,7.7492676,-4.962738
2.5253906,9.705933,-1.0386963
-0.50006104,10.495026,-2.441925
-0.12872314,12.226746,-7.272888
0.5104065,10.840179,-1.421936
1.1150208,9.373871,-4.3569336
3.9250488,12.086304,-4.3176575
3.3121033,12.271973,-2.434784
6.8624268,11.929199,-9.799652
7.081421,9.696411,-4.5235596
8.640564,6.2591553,-5.9779663
6.6029663,7.1279907,-2.5978394
4.5403748,6.1651306,-6.5433044
4.1976013,3.8145142,-5.10318
3.2704468,4.154907,-4.4842834
1.8874512,5.153473,-5.0043945
1.0424194,5.3510437,-2.5097656
0.6829834,6.22583,-5.405487
1.5970459,7.3588867,-2.6371155
1.9731445,4.576233,-2.0325012
3.939331,5.891388,-7.289551
3.7262878,5.4450684,-5.3709717
5.0212097,7.7802124,-5.782776
4.5915527,9.491699,-4.07605
6.647003,10.871124,-6.0886536
5.298523,13.643066,-2.781128
5.772217,13.578796,-5.7494507
4.008362,12.175568,-9.116486
3.4525452,12.291016,-4.302185
0.8329468,11.794708,-4.666382
3.6703491,9.141785,-3.7785034
3.1419067,8.695465,-4.065338
3.309723,5.9092407,-4.743744
3.0252686,4.1679993,-4.0939026
2.8634033,4.3036804,-3.1691284
2.206421,5.4795837,-0.97442627
0.815094,5.6057434,-2.2336426
0.43066406,6.3388977,-6.2433777
0.5746765,4.744049,-6.0886536
1.2983093,6.570984,-1.9896545
0.04147339,5.6450195,-1.8123169
2.2409363,9.699982,-7.0289
3.8262634,10.433136,-3.583313
4.3023376,14.110809,-5.1388855
5.767456,11.685211,-9.618744
8.595337,12.83136,-6.25885
7.3551636,9.1763,-6.1648254
5.453247,9.297699,-4.2664795
4.291626,6.4007874,-5.179352
3.6655884,5.334381,-5.5935364
1.732727,5.84021,-0.27340698
5.511566,16.23648,-5.385254
3.124054,6.551941,-7.810852
3.5037231,5.2534485,-1.7290039
3.99646,6.4995728,-5.801819
4.598694,8.102753,-6.630188
3.2478333,6.885193,-1.2160339
3.3728027,11.544769,-6.604004
5.374695,10.240326,-1.376709
-0.06564331,5.673584,-2.5169067
3.80365,8.701416,-7.7227783
4.753418,6.6852417,-4.033203
1.8648376,5.8116455,-8.674927
3.534668,9.607147,-7.116974
6.837433,10.7187805,-1.7563782
3.2490234,6.3127136,-8.279785
2.6515503,8.976349,-8.167908
1.5434875,7.168457,0.35977173
3.9536133,7.2803345,-4.7782593
6.5398865,7.0054016,-7.5692444
5.60083,9.458374,-7.719208
5.127136,11.854218,-2.6513977
-0.78570557,4.9249573,-4.623535
2.4539795,9.044189,-2.72995
5.0961914,6.397217,-3.904663
3.9250488,7.0184937,-8.144104
4.291626,9.209625,-9.14624
5.2247314,3.7919006,-4.7854004
5.8210144,7.0030212,-2.358612
-3.6350098,7.233917,-7.4811707
2.2552185,-3.877655,-12.006256
8.694122,5.8949585,1.0941162
-1.7973633,7.4076843,-7.7632446
2.84198,1.0247192,-7.6477966
7.750305,10.0737,-5.187683
-1.4474487,9.404816,-7.9108276
4.3094788,9.836853,-7.866791
5.3092346,7.1315613,-2.2764893
4.399933,3.8038025,-4.276001
1.821991,3.646698,-9.227173
4.0309753,16.159119,-3.8380127
0.14620972,11.096069,-8.128632
3.1930847,8.7942505,-2.441925
3.2966309,2.902832,-1.7016296
3.4668274,8.558594,-5.641144
5.427063,8.85257,0.72872925
2.8562622,11.67926,-5.3364563
2.2885437,9.6154785,-6.413574
4.998596,4.5024414,-4.4069214
5.330658,7.148224,-5.9375
2.270691,9.029907,-6.2302856
4.6427307,9.416718,-6.8468018
3.0942993,9.728546,-4.584259
2.4646912,8.963257,-3.723755
5.4556274,7.8444824,-7.9417725
3.4632568,7.744507,-2.519287
1.6339417,5.597412,-2.9382324
1.9291077,7.8004456,-4.8103943
4.035736,13.518097,-6.464752
4.662964,8.851379,-4.4283447
3.3728027,6.8256836,-4.519989
2.8372192,6.0949097,-4.441437
5.4044495,7.047058,-7.502594
3.4013672,6.5757446,-3.1548462
3.2490234,8.545502,-8.020325
2.4468384,11.257935,-7.09198
3.4394531,5.26297,-7.5894775
3.4989624,9.094177,0.74420166
0.8222351,6.3627014,-1.8265991
1.424469,9.134644,-3.9915466
1.49469,11.597137,-0.26983643
5.1211853,9.659515,-6.399292
3.9083862,12.907532,-2.7073364
3.271637,15.054626,-2.85849
-0.1906128,10.965149,-6.777771
4.0773926,8.387207,-9.743713
2.0457458,7.7814026,-4.4140625
1.4839783,6.8875732,-1.6861572
1.1602478,7.2755737,-1.2303162
1.0114746,7.859955,-0.7661438
0.4449463,7.072052,-4.223633
0.4604187,3.3800964,-8.446411
0.83532715,4.4084167,-7.6073303
0.5354004,3.3717651,-3.454773
1.5411072,8.493134,-4.550934
1.9172058,6.9220886,-2.5204773
4.523712,9.187012,-1.915863
1.8957825,11.248413,0.21456909
2.348053,7.8242493,-8.338104
8.520355,8.912079,-14.034332
11.768372,15.91275,-6.2374268
9.183289,13.270538,-12.249054
9.920013,12.452881,-6.5242615
5.358032,8.172974,-1.389801
3.8703003,4.308441,-0.51382446
3.9155273,3.1480103,-3.3940735
1.8505554,2.8302307,-6.06723
1.6053772,3.4717407,-5.3554993
2.3182983,5.8485413,-3.2036438
1.0245667,5.334381,-2.8620605
1.8077087,4.390564,-5.962494
1.9100647,4.966614,-3.3107605
1.2816467,3.0646973,-3.8701477
2.9824219,4.590515,-7.3788147
3.0657349,6.3829346,-2.4252625
4.157135,8.988251,-2.275299
4.4927673,10.262939,-5.688751
6.1173706,11.80304,-11.346893
4.8652954,15.057007,-10.029358
6.1495056,13.226501,-8.095306
5.522278,12.538574,-6.12912
3.3204346,8.255096,-1.5361938
5.299713,6.686432,-1.8218384
3.9619446,5.282013,-4.083191
3.9762268,3.968048,-5.4161987
2.2575989,7.9980164,-2.1229553
1.6875,11.049652,-2.422882
-1.0975342,9.514313,-2.5918884
-0.11682129,8.255096,-5.8887024
1.642273,7.7540283,-2.1515198
0.5913391,7.7302246,-0.91015625
0.015289307,7.900421,-4.0474854
2.2361755,5.8318787,-6.8658447
3.8893433,7.7040405,-6.9527283
3.8762512,8.119415,-3.5856934
4.856964,10.440277,-8.181
6.4696655,11.107971,-6.9301147
7.1671143,10.346252,-7.168152
8.444183,7.9028015,-7.9858093
7.4134827,7.368408,-5.6340027
3.8274536,7.533844,-4.841339
3.48349,5.1879883,-4.765167
2.4646912,5.808075,-6.365967
1.3102112,6.7019043,-6.333832
2.0290833,9.060852,-3.2274475
0.86865234,8.453857,-1.164856
3.854828,9.428619,-3.204834
3.265686,7.713562,-3.0072632
5.1283264,5.3831787,-7.6775513
5.913849,8.283661,-6.89917
4.7296143,9.871368,-1.7670898
6.2768555,10.283173,-2.8239746
4.849823,9.973724,-6.8265686
1.4339905,10.454559,-5.3519287
-0.32510376,9.035858,-9.300964
3.7988892,8.526459,-8.964142
2.8134155,8.995392,-3.3869324
3.5751343,6.891144,0.006286621
2.9848022,6.5364685,-6.8015747
0.8412781,4.306061,-1.7849426
0.1890564,3.4169922,-6.893219
-0.3798523,5.3927,-6.89917
1.2435608,5.7033386,-2.5918884
1.6779785,7.430298,-1.4124146
1.3578186,10.034424,-2.7347107
2.7360535,8.377686,-4.5949707
4.9569397,7.662384,-12.86319
8.639374,13.313385,-7.4740295
10.590088,15.283142,-5.8196716
7.436096,10.731873,-4.1903076
3.4537354,6.962555,-3.1179504
2.611084,4.5357666,-6.4980774
0.33544922,2.8480835,-6.3504944
2.8372192,8.387207,-2.1181946
1.3268738,8.541931,0.21694946
1.3340149,10.437897,-2.5216675
1.4827881,5.847351,-3.4369202
3.0942993,2.7647705,-6.732544
2.1766663,3.5800476,-3.839203
3.8643494,6.4091187,-4.6461487
5.3913574,6.859009,-5.455475
7.78006,8.437195,-7.4597473
7.1956787,11.061554,-5.265045
3.9155273,15.922272,-3.961792
2.534912,12.44693,-10.48877
4.1654663,9.331024,-8.534485
2.9241028,7.821869,-2.0134583
2.8205566,4.832123,-0.05203247
1.0340881,6.332947,-7.5585327
2.0243225,9.253662,-4.6116333
2.1088257,11.513824,-2.5847473
1.1162109,11.041321,-3.11557
1.950531,7.5040894,-2.9846497
1.6696472,4.627411,-3.526184
2.7443848,6.955414,-5.42453
4.6427307,10.001099,-5.4400024
6.0090637,11.711395,-5.6125793
8.753632,10.696167,-5.224579
6.1554565,8.136078,-9.523529
6.4434814,8.840668,-8.188141
3.7369995,8.670471,-3.5785522
2.079071,7.181549,-3.9641724
-0.037078857,6.1401367,-2.7120972
-2.4031677,5.103485,-4.103424
-0.68573,6.4781494,-2.563324
0.5496826,6.1008606,-1.5552368
1.9862366,4.6904907,-3.69281
7.377777,7.450531,-3.660675
5.913849,6.3174744,-3.0905762
7.1552124,7.911133,-11.142181
8.463226,8.737122,-8.454742
7.949066,12.0208435,-6.8051453
5.7698364,13.833496,-4.5437927
2.9669495,10.729492,-6.605194
2.796753,7.6254883,-6.1219788
2.251648,6.693573,-4.0546265
3.4287415,6.7102356,-5.9672546
3.0205078,6.513855,-2.4621582
1.4875488,6.512665,-3.1048584
1.3066406,5.3105774,-4.3616943
1.6256104,7.4909973,-3.8749084
1.1673889,7.69928,-1.145813
1.2685547,6.2032166,-4.090332
3.8226929,9.633331,-2.9703674
0.04147339,9.6154785,-2.6097412
4.284485,9.026337,-11.489716
5.85791,11.023468,-4.885376
6.131653,10.078461,-12.374023
8.707214,8.995392,-12.781067
6.923126,7.846863,-6.2612305
5.4699097,6.297241,-2.0336914
4.870056,6.2210693,-4.5735474
3.425171,4.8952026,-2.4407349
2.1576233,7.776642,-4.8948975
2.2052307,8.584778,-1.2196045
2.3016357,8.203918,-4.91037
2.3825684,6.332947,-4.116516
4.8403015,9.2560425,-6.8979797
8.306122,11.974426,-6.6516113
1.8934021,4.453644,-4.5354614
-0.12634277,5.441498,-2.5407104
4.5498962,7.3315125,-3.4607239
7.6539,9.317932,-4.102234
3.4596863,12.940857,-6.8777466
1.1388245,7.688568,-1.0851135
2.4515991,4.788086,-8.336914
-1.3379517,7.045868,-1.0232239
5.452057,15.680664,-8.498779
12.538422,9.541687,-6.2683716
2.380188,1.5484009,-4.1177063
2.5063477,6.8125916,-0.5697632
1.8279419,6.232971,-2.069397
3.3799438,9.552399,-8.871307
2.3194885,15.27243,-2.288391
2.5122986,6.0603943,-1.8396912
2.5301514,4.9142456,-6.3243103
4.047638,8.588348,-5.1710205
3.8191223,6.149658,-6.1517334
7.33374,12.412415,-10.145996
3.7512817,6.147278,-3.897522
2.0159912,6.398407,-4.7032776
4.0369263,6.5483704,-4.255768
4.478485,6.4912415,-6.937256
1.8088989,14.735657,-1.999176
1.0376587,8.840668,-3.8951416
2.6598816,5.622406,-1.9884644
4.733185,7.117279,-5.0436707
3.8738708,4.5345764,-4.0689087
2.8955383,10.111786,-7.6799316
5.59964,11.818512,-6.6456604
2.5456238,7.0958557,-3.4250183
5.1533203,7.5171814,-5.5245056
5.329468,7.605255,-8.82489
3.6786804,14.567841,-1.2969666
4.0119324,6.942322,-7.875122
2.07312,5.8485413,-0.59713745
2.7741394,5.917572,-4.7937317
2.0171814,8.888275,-6.244568
3.3287659,9.803528,-7.189575
6.510132,8.017059,-7.2955017
4.0773926,6.019928,-5.6387634
2.9467163,5.9259033,-3.8820496
3.3121033,6.347229,-6.1255493
3.990509,7.669525,-5.3638306
4.2178345,14.535706,-7.6918335
1.8648376,8.318176,-0.20080566
1.3661499,5.8818665,-3.1703186
1.9909973,6.4971924,-3.5428467
2.9348145,7.7921143,-3.1060486
7.13855,12.667114,-6.3969116
4.2047424,6.968506,-4.6401978
1.8684082,5.7164307,-5.5435486
3.0585938,6.3900757,-3.6059265
3.9309998,6.4591064,-5.7494507
5.114044,14.234589,-6.0553284
3.1907043,9.347687,-3.672577
1.2233276,8.591919,-3.7273254
2.0885925,7.3826904,-4.7532654
4.2047424,9.229858,-5.5173645
8.046661,8.91803,-9.073639
3.297821,6.3103333,-3.276245
0.8900757,4.3619995,-5.090088
5.586548,8.654999,-4.5687866
5.202118,7.6362,-7.4776
3.7762756,12.549286,-6.4933167
0.19262695,8.122986,-4.4830933
2.4028015,6.5876465,-2.947754
2.0433655,6.410309,-5.648285
1.9433899,7.9289856,-3.897522
3.8738708,11.518585,-4.788971
5.21402,8.359833,-5.2531433
3.3382874,3.9394836,-4.9532166
2.4349365,7.82782,-3.108429
3.5275269,7.013733,-4.3557434
5.2830505,9.511932,-4.769928
3.7834167,13.013458,-2.928711
2.668213,7.137512,-4.610443
2.470642,5.3046265,-4.155792
0.35568237,5.8771057,-3.063202
0.014099121,7.3636475,-5.592346
4.2368774,12.942047,-2.8287354
3.6870117,4.8249817,-5.3828735
2.431366,2.8683167,-3.461914
3.2002258,6.0675354,-3.891571
6.197113,12.048218,-6.283844
4.0202637,10.602142,-7.375244
3.4156494,9.127502,-4.8687134
2.3968506,6.6316833,-3.2464905
2.514679,4.6500244,-6.1267395
2.4016113,4.839264,-5.6780396
4.889099,12.137482,-8.398804
6.2137756,12.515961,-4.8425293
3.0169373,6.3496094,-3.0013123
1.3518677,7.5064697,-3.4452515
3.4763489,5.653351,-5.2686157
5.329468,4.896393,-5.2876587
5.0914307,12.142242,-7.4597473
2.868164,11.331726,-3.3024292
1.6410828,6.0746765,-2.4657288
1.7148743,5.5557556,-3.442871
3.5822754,8.796631,-5.0234375
4.4356384,12.801605,-2.0015564
4.8902893,10.9711,-4.2153015
1.8279419,5.629547,-2.704956
2.963379,5.429596,-3.0929565
5.242584,3.6347961,-7.0955505
6.921936,9.979675,-6.5099792
2.5361023,6.649536,-3.7987366
0.93530273,3.608612,-3.204834
1.2328491,7.912323,-2.8227844
1.9195862,8.679993,-4.6913757
4.515381,12.859924,-7.328827
5.998352,8.800201,-6.759918
3.9060059,5.2534485,-3.8820496
3.3537598,6.0425415,-6.496887
3.220459,6.41626,-4.1569824
4.8867188,7.8182983,-4.1891174
6.1030884,13.560944,-11.824158
3.8655396,6.80307,-2.8537292
0.11764526,3.5919495,-6.026764
2.1350098,8.738312,-3.3405151
3.0502625,8.588348,-6.470703
5.0057373,13.935852,-5.372162
4.1488037,8.66452,-5.162689
2.6027527,6.059204,-1.9277649
2.52063,6.807831,-4.97583
3.8703003,5.603363,-5.3435974
8.03952,8.296753,-4.7080383
4.5772705,12.761139,-3.5107117
2.386139,6.512665,-5.4161987
-0.8345032,6.576935,-3.8832397
0.3628235,7.296997,-4.502136
4.439209,10.442657,-7.939392
9.174957,8.744263,-9.325958
4.9438477,4.8761597,-4.514038
3.5013428,6.373413,-5.1246033
3.7738953,7.5171814,-5.87204
4.214264,9.026337,-3.6297302
3.0704956,10.5390625,-7.1586304
2.207611,7.8516235,-3.4262085
2.8562622,7.6362,-3.217926
2.6289368,7.7290344,-3.9141846
1.0757446,7.2232056,-2.3657532
3.2299805,10.368866,-6.759918
7.530121,9.75116,-6.784912
3.8583984,4.3881836,-5.693512
3.002655,6.8875732,-3.8999023
3.6774902,5.205841,-2.6026
5.438965,9.670227,-7.1145935
3.6679688,13.02298,-4.3938293
1.6470337,6.212738,-2.8680115
1.7612915,7.053009,-3.8951416
2.9098206,8.14679,-6.3957214
3.5061035,6.3627014,-3.2845764
4.2761536,10.462891,-7.745392
5.754364,10.404572,-7.195526
2.8776855,4.2132263,-5.10437
1.636322,4.4845886,-3.1298523
6.1280823,8.966827,-4.7544556
3.6001282,10.20224,-5.0246277
2.206421,8.784729,-2.7835083
1.9338684,4.3310547,-8.957001
1.7672424,5.229645,-3.231018
2.7634277,9.728546,-1.9099121
9.491547,11.288879,-13.482086
9.349915,7.2434387,-3.7332764
5.2818604,14.282196,-3.3179016
1.4530334,16.785156,-0.63046265
1.1554871,4.5464783,-3.3666992
0.29260254,-1.144989,-3.17984
2.323059,0.8366699,-3.8772888
0.49969482,3.8621216,-7.600189
2.9371948,10.568817,-4.4402466
2.681305,15.287903,-6.982483
2.3956604,6.905426,2.72229
-0.43341064,2.9194946,-2.9727478
3.6751099,6.4900513,-4.2926636
4.3213806,1.0532837,-9.042694
4.426117,-1.9733582,-7.040802
13.214447,0.9616394,-10.43045
12.5503235,30.02716,-1.7920837
-1.0380249,17.700409,1.7237244
-4.4729004,3.8990173,-5.5352173
3.0823975,0.2939453,-5.03891
3.9786072,4.4405518,-5.9077454
2.3908997,11.969666,-1.3291016
-0.23822021,13.047974,-9.110535
2.7943726,8.66452,-4.0284424
3.432312,8.7942505,-9.427124
0.5508728,8.957306,-0.08654785
-2.2603455,6.03183,-7.1026917
0.5354004,9.88089,-4.0308228
0.86151123,8.193207,-4.7996826
0.8638916,9.390533,-5.839905
-1.6557312,8.962067,-5.1853027
0.62823486,10.409332,-8.3654785
4.298767,8.873993,-7.7061157
2.861023,6.649536,-2.3943176
3.8929138,9.633331,-7.3597717
3.3858948,9.94397,-5.6970825
1.3173523,5.8806763,-5.7292175
1.2602234,9.963013,-3.8737183
3.7358093,10.154633,-7.381195
4.4356384,7.8885193,-9.070068
3.5787048,8.953735,-6.0815125
3.3002014,7.9932556,-6.609955
0.76986694,8.180115,-3.8320618
2.6075134,10.064178,-5.1127014
3.3442383,10.811615,-6.137451
1.2233276,5.405792,-5.398346
2.8027039,7.342224,-10.3090515
2.0255127,9.890411,-1.0470276
1.1685791,11.620941,-8.241699
3.124054,11.736389,-3.852295
3.9786072,6.3055725,-4.712799
2.6789246,5.0094604,-3.4761963
2.4932556,9.278656,-2.672821
2.1576233,13.012268,-3.140564
3.5310974,11.447174,-3.9855957
2.2873535,6.1567993,-3.4714355
1.1126404,4.9273376,-4.884186
0.63656616,8.4479065,-1.652832
-0.8059387,12.379089,-7.4085693
2.2766418,13.430023,-4.6568604
3.5275269,5.430786,-3.1488953
5.8281555,8.117035,-7.225281
3.8334045,6.8185425,-5.526886
3.0812073,4.250122,-3.4702454
3.2216492,12.050598,-1.5861816
0.6567993,15.428345,-3.88443
2.1350098,7.532654,-5.1246033
3.303772,4.2513123,-6.367157
2.765808,6.256775,-1.8396912
-1.9116211,10.874695,-3.7297058
1.732727,7.6707153,-2.0658264
6.5077515,4.533386,-5.2924194
5.722229,5.274872,-3.365509
4.0690613,7.610016,-5.36145
3.7227173,13.499054,-1.5826111
2.7491455,12.1684265,-5.8827515
1.0233765,7.9289856,-4.967499
1.9612427,6.6019287,-3.8130188
3.7322388,6.7280884,-4.777069
3.5572815,10.101074,-1.3231506
1.6268005,7.175598,-0.9065857
2.175476,10.978241,-9.2057495
3.1907043,8.98111,-4.0998535
3.9429016,6.2781982,-3.0524902
3.913147,6.077057,-5.528076
3.6346436,6.5305176,-3.1488953
3.2549744,6.1889343,-3.17865
4.3273315,15.073669,-7.168152
2.3337708,10.020142,-0.92800903
3.368042,4.5988464,-4.4188232
1.9195862,7.399353,-6.0231934
1.2173767,6.065155,-7.1157837
0.34735107,9.501221,-2.5966492
4.3773193,14.109619,-1.2862549
5.1616516,12.599274,-4.564026
1.360199,3.0849304,-3.2536316
3.2811584,3.813324,-4.354553
6.762451,10.5069275,-6.593292
4.849823,14.82016,-4.437866
0.9448242,8.577637,-4.179596
1.5042114,4.8749695,-2.3443298
2.7443848,9.2560425,-2.9334717
2.790802,10.606903,-2.9656067
0.5984802,7.9408875,-3.1167603
4.671295,11.186523,-4.5925903
6.2078247,9.101318,-3.8606262
2.4396973,3.1825256,-5.457855
3.900055,5.365326,-6.1410217
5.9828796,4.133484,-4.2652893
7.2920837,15.287903,-9.331909
0.70202637,11.249603,-2.608551
0.58657837,5.6390686,-0.3222046
1.0400391,7.8004456,-3.827301
2.1219177,9.511932,-5.87442
1.5315857,8.502655,-4.3128967
2.771759,9.699982,-2.9310913
7.0790405,7.0827637,-7.4430847
2.815796,6.7554626,-3.8427734
2.469452,6.16037,-4.01178
3.8833923,6.3817444,-2.2348328
4.234497,7.085144,-3.1429443
2.0112305,7.7290344,-4.116516
3.2799683,5.762848,-4.2867126
2.6670227,5.9913635,-6.187439
3.3466187,8.741882,-5.982727
1.9136353,10.499786,-4.5247498
4.228546,11.473358,-7.7680054
3.9940796,7.599304,-4.3486023
1.854126,3.08255,-3.7832642
3.7453308,6.6650085,-3.9974976
4.997406,6.872101,-5.5804443
5.947174,9.572632,-5.385254
2.8003235,11.563812,-0.35076904
1.4637451,8.777588,-3.8475342
1.8707886,8.91684,-5.320984
1.9933777,7.2743835,-2.7870789
0.87698364,4.4465027,-2.6644897
3.2680664,12.150574,-5.8125305
6.8469543,11.410278,-5.795868
1.8065186,5.186798,-5.307892
2.9348145,6.5412292,-2.3312378
6.3720703,6.332947,-5.957733
6.7184143,7.996826,-3.5535583
4.0631104,11.42337,-7.637085
0.584198,10.416473,-4.2081604
2.6610718,5.52124,-3.8963318
2.4480286,7.796875,-3.24411
0.90792847,7.751648,-2.4300232
4.1333313,12.338623,-5.4388123
6.5398865,8.251526,-8.30954
2.1861877,5.7152405,-1.5611877
1.9802856,6.117523,-3.7975464
5.0271606,8.632385,-4.577118
5.144989,6.1139526,-6.6789856
3.3906555,12.970612,-7.425232
2.797943,7.89447,-4.9782104
2.8955383,5.898529,-5.570923
1.7493896,9.116791,-5.1841125
1.7815247,7.8778076,-3.647583
1.6160889,7.790924,-3.3428955
6.229248,10.644989,-7.1729126
5.5258484,7.218445,-5.5542603
3.284729,6.0484924,-4.7401733
3.0121765,7.457672,-2.0098877
4.438019,8.005157,-2.2824402
4.649872,11.855408,-6.5492554
3.2835388,8.966827,-6.586151
4.092865,5.7664185,-2.6323547
2.8003235,5.9711304,-3.4631042
2.039795,8.455048,-7.482361
1.2280884,8.839478,-3.6380615
4.6546326,9.785675,-5.9220276
2.9859924,4.371521,-3.8618164
2.3397217,5.724762,-4.3295593
3.8857727,6.937561,-5.3114624
6.8207703,10.123688,-4.9924927
4.7296143,10.316498,-6.9301147
-1.1070557,9.695221,-5.694702
3.2514038,6.9137573,-2.4002686
3.0431213,7.1279907,-2.243164
3.540619,6.334137,-5.1853027
2.040985,11.397186,-3.6047363
5.5448914,14.213165,-3.4785767
3.9809875,10.39267,-8.544006
2.809845,-1.4234924,-5.2686157
-3.9242249,9.145355,-7.6275635
3.9928894,9.949921,-4.2807617
4.752228,6.348419,-7.4109497
1.5553894,7.014923,-0.8982544
0.2461853,6.8173523,-3.6047363
8.534637,6.48172,-8.877258
2.2290344,5.1987,-9.067688
0.6437073,12.865875,-3.2810059
2.0862122,5.4391174,-5.256714
6.7517395,12.118439,-8.893921
5.285431,7.4933777,-5.111511
2.828888,3.903778,-3.6975708
5.3925476,10.687836,-3.5666504
0.7984314,7.545746,4.0600586
3.9095764,11.392426,-10.807739
4.83078,5.505768,-3.9974976
3.5691833,12.094635,-6.6016235
2.1695251,6.41745,0.3466797
2.5622864,7.6790466,-7.194336
5.3782654,9.345306,-6.599243
2.6908264,6.617401,-4.699707
1.7862854,9.116791,-3.3357544
2.2123718,4.5417175,-0.453125
3.9595642,6.595978,-5.923218
3.8453064,5.822357,-4.6140137
3.271637,10.411713,2.5151978
2.957428,5.603363,-9.555664
3.7929382,12.632599,-3.5047607
1.6053772,7.598114,-2.4692993
3.2406921,9.454803,-6.00177
1.0769348,10.580719,1.7820435
2.9371948,13.103912,-3.4714355
5.5591736,14.026306,-5.429291
3.8119812,14.290527,-2.3800354
3.5894165,12.226746,-4.127228
3.2180786,10.744965,-4.1569824
1.8969727,10.055847,-2.7704163
2.8276978,7.6409607,-6.3005066
3.9952698,6.7292786,-2.7846985
2.502777,6.9982605,-2.2645874
4.125,6.332947,-8.325012
4.1916504,7.2672424,-4.2533875
4.048828,6.7983093,-3.5428467
4.727234,5.9794617,-7.4097595
4.139282,5.205841,-3.6975708
3.784607,4.0085144,-3.6118774
3.708435,7.585022,-2.1824646
1.4423218,7.468384,-1.5671387
6.338745,7.0303955,-10.290009
4.6617737,7.9813538,-8.63089
4.3475647,8.829956,-6.149353
3.4430237,9.664276,-3.9653625
2.559906,7.964691,-2.4002686
3.3275757,8.446716,-1.6433105
0.7793884,9.264374,-5.098419
3.1966553,14.345276,-3.9510803
4.228546,14.073914,-4.277191
2.7562866,6.1960754,-3.6321106
2.6336975,3.9311523,-2.9965515
3.0776367,5.3320007,-3.217926
3.7358093,4.8547363,-7.3919067
3.4715881,6.1782227,-6.0374756
2.304016,9.761871,-2.9525146
0.9317322,10.361725,-7.842987
3.3240051,12.51239,-5.141266
6.0126343,10.580719,-1.8670654
4.8902893,2.575531,-8.745148
4.3070984,4.2905884,-4.648529
5.6996155,6.3555603,-4.1498413
0.38781738,5.9520874,0.75253296
4.7510376,7.0815735,-7.387146
5.669861,15.197449,-6.4873657
5.5901184,17.32074,-2.2193604
1.9410095,9.1405945,-2.2134094
2.090973,2.0649414,-8.286926
1.7089233,7.4850464,-2.422882
5.092621,7.579071,-4.808014
3.4108887,5.9973145,-2.460968
3.604889,6.6209717,-7.0455627
4.0000305,9.331024,-2.0396423
2.4515991,9.885651,-2.7644653
1.5839539,9.720215,-3.4333496
3.207367,10.155823,-6.2802734
4.0892944,6.643585,-5.031769
6.395874,5.4403076,-5.3840637
5.47348,5.871155,-5.399536
4.977173,4.851166,-3.4892883
3.3347168,7.4029236,-3.5618896
3.316864,7.944458,-9.416412
4.8343506,10.270081,-8.452362
2.226654,9.791626,1.458313
6.6493835,5.8687744,-9.097443
4.6974792,9.447662,-2.6287842
4.176178,10.314117,-3.6642456
2.3182983,8.701416,-6.1719666
3.1085815,10.689026,-3.8891907
3.5941772,10.32959,-2.519287
3.5882263,6.448395,-2.9084778
0.9781494,5.4129333,-6.1315002
1.6089478,5.5605164,-2.737091
-0.4381714,7.0756226,-3.4690552
1.3566284,10.208191,-4.5914
6.62677,8.565735,-2.5847473
4.1488037,5.178467,-3.6761475
1.8196106,4.519104,-4.7615967
1.3447266,5.4010315,-2.3943176
3.9464722,8.27771,-3.4690552
5.580597,9.052521,-8.9427185
5.522278,7.937317,-1.5183411
4.598694,8.168213,-3.8880005
4.709381,9.717834,-4.4461975
3.3858948,8.171783,-6.4028625
-1.0606384,9.841614,-0.7435303
3.3073425,8.553833,-9.986511
3.6417847,9.567871,-0.32696533
5.3592224,8.9216,-0.01751709
2.4908752,5.8116455,-7.401428
0.8412781,6.839966,0.06460571
2.3361511,9.594055,-5.392395
2.2933044,6.122284,-2.2574463
2.4980164,9.181061,-11.843201
3.0835876,6.8054504,-2.1193848
2.847931,10.190338,-3.3000488
5.2235413,5.122528,-4.52594
6.420868,13.396698,-8.820129
3.5501404,8.176544,-2.390747
1.6696472,13.579987,-2.8311157
2.2290344,6.326996,-2.7359009
4.9545593,8.66452,-4.192688
2.752716,8.781158,-6.5302124
5.3139954,10.730682,-4.7425537
4.7760315,5.3058167,-3.261963
0.87698364,7.1148987,-5.975586
2.040985,8.112274,-6.0565186
5.042633,8.4479065,-5.23291
5.5210876,7.3386536,-6.558777
2.4908752,12.113678,-6.3778687
2.6003723,7.4862366,-6.4040527
2.8574524,7.783783,-6.104126
3.6739197,7.4600525,-4.963928
2.8384094,8.026581,-6.308838
2.855072,8.0694275,-7.182434
2.7789001,7.7433167,-6.694458
3.6739197,8.033722,-6.006531
2.7408142,7.4933777,-7.875122
-2.1389465,2.5231628,9.97052
-1.0987244,3.5669556,10.666779
0.87698364,3.1884766,11.815308
-1.3736572,3.5598145,7.2461853
-2.22583,3.3229675,8.68512
-0.24298096,3.735962,10.61084
-0.05493164,4.4262695,8.438751
0.5258789,3.8811646,8.531586
0.7674866,3.5455322,7.968628
0.48660278,4.1108704,8.962433
0.30212402,4.544098,9.120728
0.23904419,4.0335083,8.311401
0.47351074,4.0620728,9.082642
0.7055969,4.289398,8.871979
-0.07159424,4.539337,8.962433
0.15692139,4.5869446,9.290924
-0.12158203,4.8047485,8.170959
0.68774414,4.9273376,9.295685
0.699646,4.3762817,7.1628723
0.6175232,4.7738037,9.411133
-0.003753662,5.2034607,8.232849
0.111694336,5.0665894,8.475647
0.12478638,5.0487366,8.279266
0.40567017,4.890442,6.751068
0.7484436,4.6833496,8.81604
-0.92614746,4.42865,8.529205
0.39971924,4.2334595,9.343292
-0.09539795,3.8168945,9.00528
1.9612427,4.2644043,9.105255
3.2954407,3.2563171,10.052643
2.1968994,3.3503418,9.553955
2.8181763,3.1968079,8.850555
0.6329956,4.089447,9.100494
0.962677,3.8823547,8.62323
1.2626038,3.2122803,9.356384
0.71868896,2.8742676,8.6458435
-0.97494507,3.5276794,9.589661
-0.9701843,3.6359863,10.157379
-1.1701355,3.5645752,9.081451
-0.58932495,3.5514832,8.964813
-0.5357666,3.6300354,8.833893
-0.93447876,3.7776184,8.580383
-1.051117,3.9501953,8.867218
-0.7261963,4.0037537,9.090973
