1.0,0.503759,0.026786,1.0,0.0,0.0,0.0,1.0,0.0,0.0,0.0,0.0,0.0,0.0,0.0,0.0,0.0,0.0,1.0,0.0,0.0,0.0,0.0,0.0,0.0,1.0,0.0,0.0,0.0,0.0,0.0,0.0,0.0,0.096491,0.0,0.0,0.014925,1.0,1.0,0.0,0.0,0.1665,0.00892,1.0,1
0.0,0.156692,0.03125,1.0,0.0,0.0,0.0,1.0,0.0,0.0,0.0,0.0,0.0,0.0,0.0,0.0,0.0,0.0,1.0,0.0,0.0,0.0,0.0,0.0,1.0,0.0,0.0,0.0,0.0,0.0,0.0,0.0,0.0,0.162281,0.0,0.0,0.029851,0.0,1.0,0.0,0.0,0.26,0.02,1.0,1
0.0,0.383459,0.339286,1.0,0.0,0.0,0.0,1.0,0.0,0.0,0.0,0.0,0.0,0.0,0.0,0.0,1.0,0.0,0.0,0.0,0.0,0.0,0.0,0.0,1.0,0.0,0.0,0.0,0.0,0.0,0.0,0.0,0.0,0.22807,0.0,0.0,0.208955,1.0,1.0,0.0,0.0,0.12,0.04607,1.0,1
1.0,0.101504,0.422679,1.0,0.0,0.0,0.0,1.0,0.0,0.0,1.0,0.0,0.0,0.0,0.0,0.0,0.0,0.0,0.0,0.0,0.0,0.0,0.0,0.0,0.0,1.0,0.0,0.0,0.0,0.0,0.0,0.0,0.0,0.210526,0.0,1.0,0.0,1.0,1.0,0.0,0.0,0.17,0.0,1.0,1
1.0,0.076391,0.157679,0.0,1.0,0.0,0.0,0.0,1.0,0.0,1.0,0.0,0.0,0.0,0.0,0.0,0.0,0.0,0.0,0.0,0.0,0.0,0.0,0.0,0.0,1.0,0.0,0.0,0.0,0.0,0.0,0.0,0.0,0.105263,0.0,1.0,0.0,1.0,1.0,0.0,0.0,0.12,0.0,1.0,0
0.0,0.081504,0.339286,1.0,0.0,0.0,0.0,1.0,0.0,0.0,0.0,0.0,0.0,0.0,0.0,0.0,0.0,0.0,0.0,1.0,0.0,0.0,0.0,0.0,1.0,0.0,0.0,0.0,0.0,0.0,0.0,0.0,0.0,0.052632,0.0,1.0,0.0,1.0,1.0,0.0,0.0,0.06,0.02206,1.0,1
1.0,0.169173,0.03125,1.0,0.0,0.0,0.0,1.0,0.0,0.0,0.0,0.0,0.0,0.0,0.0,0.0,0.0,0.0,0.0,0.0,1.0,0.0,0.0,0.0,0.0,1.0,0.0,0.0,0.0,0.0,0.0,0.0,0.0,0.036491,0.0,1.0,0.0,0.0,1.0,0.0,0.0,0.08,0.0586,1.0,1
0.0,0.096541,0.330357,1.0,0.0,0.0,0.0,1.0,0.0,0.0,1.0,0.0,0.0,0.0,0.0,0.0,0.0,0.0,0.0,0.0,0.0,0.0,0.0,0.0,1.0,0.0,0.0,0.0,0.0,0.0,0.0,0.0,0.0,0.058421,0.0,0.0,0.044776,0.0,1.0,0.0,0.0,0.02,2.8E-4,1.0,1
0.0,0.180451,0.017857,1.0,0.0,0.0,0.0,1.0,0.0,0.0,1.0,0.0,0.0,0.0,0.0,0.0,0.0,0.0,0.0,0.0,0.0,0.0,0.0,0.0,1.0,0.0,0.0,0.0,0.0,0.0,0.0,0.0,0.0,0.051228,0.0,0.0,0.074627,0.0,1.0,0.0,0.0,0.156,0.0,1.0,1
0.0,0.100301,0.25,1.0,0.0,0.0,0.0,1.0,0.0,0.0,1.0,0.0,0.0,0.0,0.0,0.0,0.0,0.0,0.0,0.0,0.0,0.0,0.0,0.0,1.0,0.0,0.0,0.0,0.0,0.0,0.0,0.0,0.0,0.057018,0.0,0.0,0.044776,1.0,1.0,0.0,0.0,0.1,0.01391,1.0,1
0.0,0.26794,0.142857,1.0,0.0,0.0,0.0,1.0,0.0,0.0,0.0,0.0,0.0,0.0,0.0,0.0,0.0,0.0,0.0,0.0,1.0,0.0,0.0,0.0,1.0,0.0,0.0,0.0,0.0,0.0,0.0,0.0,0.0,0.175439,0.0,0.0,0.044776,0.0,1.0,0.0,0.0,0.145,0.02279,1.0,1
0.0,0.379699,0.178571,1.0,0.0,0.0,0.0,1.0,0.0,0.0,0.0,0.0,1.0,0.0,0.0,0.0,0.0,0.0,0.0,0.0,0.0,0.0,0.0,0.0,1.0,0.0,0.0,0.0,0.0,0.0,0.0,0.0,0.0,0.122807,0.0,0.0,0.149254,0.0,1.0,0.0,0.0,0.0,0.0,1.0,1
1.0,0.756842,0.005893,1.0,0.0,0.0,0.0,1.0,0.0,0.0,0.0,0.0,0.0,0.0,0.0,0.0,0.0,0.0,0.0,0.0,0.0,0.0,0.0,1.0,0.0,0.0,0.0,0.0,0.0,0.0,0.0,1.0,0.0,0.0,0.0,0.0,0.014925,1.0,1.0,0.0,0.0,0.116,0.001,1.0,1
0.0,0.218045,0.183036,1.0,0.0,0.0,0.0,1.0,0.0,0.0,0.0,0.0,0.0,0.0,0.0,0.0,0.0,0.0,0.0,0.0,1.0,0.0,0.0,0.0,1.0,0.0,0.0,0.0,0.0,0.0,0.0,0.0,0.0,0.166667,0.0,0.0,0.029851,1.0,1.0,0.0,0.0,0.21,7.0E-5,1.0,1
1.0,0.225564,0.133929,1.0,0.0,0.0,0.0,1.0,0.0,0.0,1.0,0.0,0.0,0.0,0.0,0.0,0.0,0.0,0.0,0.0,0.0,0.0,0.0,0.0,1.0,0.0,0.0,0.0,0.0,0.0,0.0,0.0,0.0,0.03807,0.0,0.0,0.014925,0.0,1.0,0.0,0.0,0.1855,0.0,1.0,1
0.0,0.264361,0.696429,1.0,0.0,0.0,0.0,1.0,0.0,0.0,1.0,0.0,0.0,0.0,0.0,0.0,0.0,0.0,0.0,0.0,0.0,0.0,0.0,0.0,1.0,0.0,0.0,0.0,0.0,0.0,0.0,0.0,0.0,0.245614,0.0,0.0,0.238806,1.0,1.0,0.0,0.0,0.0,0.05,1.0,1
1.0,0.077744,0.321429,1.0,0.0,0.0,0.0,1.0,0.0,0.0,0.0,0.0,0.0,0.0,0.0,0.0,0.0,0.0,0.0,0.0,0.0,0.0,1.0,0.0,1.0,0.0,0.0,0.0,0.0,0.0,0.0,0.0,0.0,0.026316,0.0,0.0,0.029851,1.0,1.0,0.0,0.0,0.044,0.00591,1.0,1
1.0,0.165414,0.107143,1.0,0.0,0.0,0.0,1.0,0.0,0.0,0.0,0.0,0.0,0.0,0.0,0.0,0.0,0.0,1.0,0.0,0.0,0.0,0.0,0.0,0.0,1.0,0.0,0.0,0.0,0.0,0.0,0.0,0.0,0.064386,0.0,0.0,0.283582,1.0,1.0,0.0,0.0,0.0,0.005,1.0,1
1.0,0.254436,0.428571,1.0,0.0,0.0,0.0,1.0,0.0,0.0,1.0,0.0,0.0,0.0,0.0,0.0,0.0,0.0,0.0,0.0,0.0,0.0,0.0,0.0,1.0,0.0,0.0,0.0,0.0,0.0,0.0,0.0,0.0,0.070175,0.0,0.0,0.014925,1.0,1.0,0.0,0.0,0.11,1.9E-4,1.0,1
0.0,0.109023,0.171071,0.0,1.0,0.0,0.0,0.0,1.0,0.0,0.0,0.0,0.0,0.0,0.0,0.0,0.0,0.0,0.0,1.0,0.0,0.0,0.0,0.0,1.0,0.0,0.0,0.0,0.0,0.0,0.0,0.0,0.0,0.078947,0.0,0.0,0.014925,0.0,1.0,0.0,0.0,0.04,0.003,1.0,0
0.0,0.0,0.142857,0.0,1.0,0.0,0.0,0.0,1.0,0.0,0.0,0.0,0.0,0.0,0.0,0.0,0.0,0.0,0.0,1.0,0.0,0.0,0.0,0.0,1.0,0.0,0.0,0.0,0.0,0.0,0.0,0.0,0.0,0.061404,0.0,0.0,0.029851,0.0,1.0,0.0,0.0,0.06,0.01,1.0,0
1.0,0.484962,0.142857,1.0,0.0,0.0,0.0,1.0,0.0,0.0,0.0,0.0,0.0,0.0,1.0,0.0,0.0,0.0,0.0,0.0,0.0,0.0,0.0,0.0,0.0,0.0,0.0,1.0,0.0,0.0,0.0,0.0,0.0,0.0,0.0,1.0,0.0,1.0,1.0,0.0,0.0,0.05,0.0096,1.0,1
1.0,0.45985,0.0,1.0,0.0,0.0,0.0,1.0,0.0,0.0,1.0,0.0,0.0,0.0,0.0,0.0,0.0,0.0,0.0,0.0,0.0,0.0,0.0,0.0,1.0,0.0,0.0,0.0,0.0,0.0,0.0,0.0,0.0,0.087719,0.0,1.0,0.0,1.0,1.0,0.0,0.0,0.0,0.0,1.0,1
0.0,0.097744,0.355714,1.0,0.0,0.0,0.0,1.0,0.0,0.0,0.0,0.0,0.0,0.0,0.0,0.0,0.0,0.0,0.0,0.0,0.0,1.0,0.0,0.0,0.0,0.0,0.0,0.0,0.0,0.0,1.0,0.0,0.0,0.0,0.0,1.0,0.0,1.0,1.0,0.0,0.0,0.0,0.0,1.0,1
0.0,0.134135,0.090714,0.0,1.0,0.0,0.0,0.0,1.0,0.0,1.0,0.0,0.0,0.0,0.0,0.0,0.0,0.0,0.0,0.0,0.0,0.0,0.0,0.0,0.0,1.0,0.0,0.0,0.0,0.0,0.0,0.0,0.0,0.090702,0.0,1.0,0.0,1.0,1.0,0.0,0.0,0.0,0.0,1.0,0
0.0,0.26794,0.375,1.0,0.0,0.0,0.0,1.0,0.0,0.0,0.0,0.0,0.0,0.0,0.0,0.0,0.0,0.0,0.0,0.0,1.0,0.0,0.0,0.0,1.0,0.0,0.0,0.0,0.0,0.0,0.0,0.0,0.0,0.22807,0.0,1.0,0.0,1.0,1.0,0.0,0.0,0.0,0.0,1.0,1
1.0,0.709323,0.178571,1.0,0.0,0.0,0.0,1.0,0.0,0.0,0.0,0.0,0.0,0.0,0.0,0.0,0.0,0.0,0.0,0.0,0.0,0.0,1.0,0.0,1.0,0.0,0.0,0.0,0.0,0.0,0.0,0.0,0.0,0.140351,0.0,0.0,0.059701,1.0,1.0,0.0,0.0,0.0,9.9E-4,1.0,1
0.0,0.035038,0.026786,1.0,0.0,0.0,0.0,1.0,0.0,0.0,1.0,0.0,0.0,0.0,0.0,0.0,0.0,0.0,0.0,0.0,0.0,0.0,0.0,0.0,1.0,0.0,0.0,0.0,0.0,0.0,0.0,0.0,0.0,0.061404,0.0,0.0,0.074627,0.0,1.0,0.0,0.0,0.176,0.0069,1.0,1
1.0,0.216842,0.013393,1.0,0.0,0.0,0.0,1.0,0.0,0.0,0.0,0.0,0.0,0.0,0.0,0.0,0.0,0.0,1.0,0.0,0.0,0.0,0.0,0.0,1.0,0.0,0.0,0.0,0.0,0.0,0.0,0.0,0.0,0.020526,0.0,0.0,0.059701,1.0,1.0,0.0,0.0,0.04,0.0,1.0,1
0.0,0.382256,0.061071,1.0,0.0,0.0,0.0,1.0,0.0,0.0,0.0,0.0,0.0,0.0,0.0,0.0,0.0,0.0,0.0,0.0,1.0,0.0,0.0,0.0,1.0,0.0,0.0,0.0,0.0,0.0,0.0,0.0,0.0,0.004386,0.0,0.0,0.074627,0.0,1.0,0.0,0.0,0.24,0.0,1.0,1
0.0,0.100301,0.267857,1.0,0.0,0.0,0.0,1.0,0.0,0.0,0.0,0.0,0.0,0.0,0.0,1.0,0.0,0.0,0.0,0.0,0.0,0.0,0.0,0.0,1.0,0.0,0.0,0.0,0.0,0.0,0.0,0.0,0.0,0.052632,0.0,0.0,0.014925,1.0,1.0,0.0,0.0,0.08,0.00234,1.0,1
1.0,0.244361,0.188929,1.0,0.0,0.0,0.0,1.0,0.0,0.0,0.0,0.0,0.0,0.0,0.0,0.0,0.0,0.0,0.0,0.0,0.0,1.0,0.0,0.0,0.0,0.0,0.0,0.0,0.0,0.0,1.0,0.0,0.0,0.078947,0.0,0.0,0.074627,0.0,1.0,0.0,0.0,0.0495,0.005,1.0,1
0.0,0.136541,0.107143,1.0,0.0,0.0,0.0,1.0,0.0,0.0,0.0,0.0,0.0,0.0,0.0,0.0,1.0,0.0,0.0,0.0,0.0,0.0,0.0,0.0,1.0,0.0,0.0,0.0,0.0,0.0,0.0,0.0,0.0,0.045263,0.0,0.0,0.014925,1.0,1.0,0.0,0.0,0.13,0.008,1.0,1
1.0,0.131579,0.303571,1.0,0.0,0.0,0.0,1.0,0.0,0.0,0.0,0.0,0.0,0.0,0.0,0.0,0.0,0.0,1.0,0.0,0.0,0.0,0.0,0.0,1.0,0.0,0.0,0.0,0.0,0.0,0.0,0.0,0.0,0.061404,0.0,0.0,0.149254,1.0,1.0,0.0,0.0,0.04,0.0099,0.0,1
1.0,0.223008,0.059464,1.0,0.0,0.0,0.0,1.0,0.0,0.0,0.0,0.0,0.0,0.0,0.0,0.0,0.0,0.0,1.0,0.0,0.0,0.0,0.0,0.0,1.0,0.0,0.0,0.0,0.0,0.0,0.0,0.0,0.0,0.084737,0.0,1.0,0.0,0.0,1.0,0.0,0.0,0.22,0.0,0.0,1
0.0,0.472481,0.053571,1.0,0.0,0.0,0.0,1.0,0.0,0.0,1.0,0.0,0.0,0.0,0.0,0.0,0.0,0.0,0.0,0.0,0.0,0.0,0.0,0.0,1.0,0.0,0.0,0.0,0.0,0.0,0.0,0.0,0.0,0.087719,0.0,1.0,0.0,0.0,1.0,0.0,0.0,0.07,0.0,0.0,1
0.0,0.418496,0.0625,1.0,0.0,0.0,0.0,1.0,0.0,0.0,0.0,0.0,0.0,0.0,0.0,1.0,0.0,0.0,0.0,0.0,0.0,0.0,0.0,0.0,1.0,0.0,0.0,0.0,0.0,0.0,0.0,0.0,0.0,0.007368,0.0,1.0,0.0,1.0,1.0,0.0,0.0,0.08,0.0,0.0,0
1.0,0.651579,0.011964,1.0,0.0,0.0,0.0,1.0,0.0,0.0,0.0,0.0,0.0,1.0,0.0,0.0,0.0,0.0,0.0,0.0,0.0,0.0,0.0,0.0,0.0,0.0,1.0,0.0,0.0,0.0,0.0,0.0,0.0,0.035088,0.0,1.0,0.0,0.0,1.0,0.0,0.0,0.126,0.02197,0.0,1
1.0,0.631579,0.252857,1.0,0.0,0.0,0.0,1.0,0.0,0.0,0.0,0.0,0.0,0.0,0.0,1.0,0.0,0.0,0.0,0.0,0.0,0.0,0.0,0.0,0.0,1.0,0.0,0.0,0.0,0.0,0.0,0.0,0.0,0.236842,0.0,0.0,0.044776,0.0,1.0,0.0,0.0,0.05,5.0E-4,0.0,1
0.0,0.443609,0.900357,1.0,0.0,0.0,0.0,1.0,0.0,0.0,0.0,0.0,0.0,0.0,0.0,0.0,0.0,0.0,1.0,0.0,0.0,0.0,0.0,0.0,0.0,1.0,0.0,0.0,0.0,0.0,0.0,0.0,0.0,0.007368,0.0,0.0,0.014925,1.0,1.0,0.0,0.0,0.38,9.0E-4,0.0,1
1.0,0.174135,0.074464,1.0,0.0,0.0,0.0,1.0,0.0,0.0,1.0,0.0,0.0,0.0,0.0,0.0,0.0,0.0,0.0,0.0,0.0,0.0,0.0,0.0,0.0,1.0,0.0,0.0,0.0,0.0,0.0,0.0,0.0,0.096491,0.0,1.0,0.0,0.0,1.0,0.0,0.0,0.18,1.0E-5,0.0,1
1.0,0.162857,0.023929,1.0,0.0,0.0,0.0,1.0,0.0,0.0,0.0,0.0,0.0,0.0,0.0,0.0,0.0,0.0,0.0,0.0,0.0,0.0,1.0,0.0,0.0,1.0,0.0,0.0,0.0,0.0,0.0,0.0,0.0,0.061404,0.0,1.0,0.0,1.0,1.0,0.0,0.0,0.2,0.0,0.0,1
0.0,0.442406,0.080357,1.0,0.0,0.0,0.0,1.0,0.0,0.0,0.0,0.0,0.0,1.0,0.0,0.0,0.0,0.0,0.0,0.0,0.0,0.0,0.0,0.0,0.0,0.0,1.0,0.0,0.0,0.0,0.0,0.0,0.0,0.026316,0.0,1.0,0.0,1.0,1.0,0.0,0.0,0.28,0.0,0.0,1
0.0,0.408571,0.029821,1.0,0.0,0.0,0.0,1.0,0.0,0.0,0.0,0.0,0.0,0.0,0.0,0.0,0.0,0.0,0.0,0.0,0.0,0.0,0.0,1.0,0.0,0.0,0.0,0.0,0.0,0.0,0.0,1.0,0.0,0.0,0.0,1.0,0.0,1.0,1.0,0.0,0.0,0.065,1.0E-5,0.0,1
0.0,0.27188,0.089286,1.0,0.0,0.0,0.0,1.0,0.0,0.0,0.0,0.0,0.0,0.0,0.0,0.0,0.0,0.0,0.0,0.0,0.0,0.0,1.0,0.0,1.0,0.0,0.0,0.0,0.0,0.0,0.0,0.0,0.0,0.263158,0.0,1.0,0.0,0.0,1.0,0.0,0.0,0.2615,0.0,0.0,1
1.0,0.303308,0.056607,0.0,1.0,0.0,0.0,0.0,1.0,0.0,0.0,0.0,0.0,0.0,0.0,0.0,0.0,0.0,0.0,0.0,0.0,0.0,0.0,1.0,0.0,0.0,0.0,0.0,0.0,0.0,0.0,1.0,0.0,0.0,0.0,1.0,0.0,1.0,1.0,0.0,0.0,0.16,0.0,0.0,0
1.0,0.16797,0.044643,1.0,0.0,0.0,0.0,1.0,0.0,0.0,0.0,0.0,0.0,0.0,0.0,0.0,0.0,0.0,0.0,0.0,0.0,0.0,0.0,1.0,0.0,0.0,0.0,0.0,0.0,0.0,0.0,1.0,0.0,0.0,0.0,1.0,0.0,1.0,1.0,0.0,0.0,0.04,0.0,0.0,0
0.0,0.323308,0.113036,1.0,0.0,0.0,0.0,1.0,0.0,0.0,0.0,0.0,0.0,0.0,0.0,0.0,0.0,0.0,0.0,0.0,1.0,0.0,0.0,0.0,0.0,1.0,0.0,0.0,0.0,0.0,0.0,0.0,0.0,0.131579,0.0,1.0,0.0,0.0,1.0,0.0,0.0,0.34,0.0,0.0,1
0.0,0.308271,0.0625,1.0,0.0,0.0,0.0,1.0,0.0,0.0,0.0,0.0,0.0,0.0,0.0,0.0,0.0,0.0,0.0,1.0,0.0,0.0,0.0,0.0,0.0,0.0,1.0,0.0,0.0,0.0,0.0,0.0,0.0,0.008772,0.0,1.0,0.0,0.0,1.0,0.0,0.0,0.0815,0.0,0.0,1
0.0,1.0,0.196429,1.0,0.0,0.0,0.0,1.0,0.0,0.0,1.0,0.0,0.0,0.0,0.0,0.0,0.0,0.0,0.0,0.0,0.0,0.0,0.0,0.0,1.0,0.0,0.0,0.0,0.0,0.0,0.0,0.0,0.0,0.018947,0.0,1.0,0.0,1.0,1.0,0.0,0.0,0.0,0.0034,0.0,1
0.0,0.085263,0.053571,0.0,1.0,0.0,0.0,0.0,1.0,0.0,0.0,0.0,1.0,0.0,0.0,0.0,0.0,0.0,0.0,0.0,0.0,0.0,0.0,0.0,1.0,0.0,0.0,0.0,0.0,0.0,0.0,0.0,0.0,0.070175,0.0,1.0,0.0,0.0,1.0,0.0,0.0,0.05,2.0E-4,0.0,0
0.0,0.43609,0.107143,1.0,0.0,0.0,0.0,1.0,0.0,0.0,0.0,0.0,0.0,1.0,0.0,0.0,0.0,0.0,0.0,0.0,0.0,0.0,0.0,0.0,0.0,0.0,1.0,0.0,0.0,0.0,0.0,0.0,0.0,0.035088,0.0,1.0,0.0,1.0,1.0,0.0,0.0,0.0,0.002,0.0,1
0.0,0.089023,0.357143,0.0,1.0,0.0,0.0,0.0,1.0,0.0,0.0,0.0,0.0,0.0,0.0,1.0,0.0,0.0,0.0,0.0,0.0,0.0,0.0,0.0,0.0,1.0,0.0,0.0,0.0,0.0,0.0,0.0,0.0,0.029298,0.0,1.0,0.0,0.0,1.0,0.0,0.0,0.07,0.0,0.0,0
0.0,0.339549,0.135357,1.0,0.0,0.0,0.0,1.0,0.0,0.0,0.0,0.0,0.0,0.0,0.0,0.0,0.0,0.0,0.0,1.0,0.0,0.0,0.0,0.0,1.0,0.0,0.0,0.0,0.0,0.0,0.0,0.0,0.0,0.040877,0.0,1.0,0.0,0.0,1.0,0.0,0.0,0.1,0.0,0.0,1
0.0,0.245564,0.037143,0.0,1.0,0.0,0.0,0.0,1.0,0.0,0.0,0.0,0.0,1.0,0.0,0.0,0.0,0.0,0.0,0.0,0.0,0.0,0.0,0.0,0.0,0.0,1.0,0.0,0.0,0.0,0.0,0.0,0.0,0.017544,0.0,0.0,0.149254,0.0,1.0,0.0,0.0,0.066,2.8E-4,0.0,0
0.0,0.458647,0.392857,0.0,1.0,0.0,0.0,0.0,1.0,0.0,0.0,1.0,0.0,0.0,0.0,0.0,0.0,0.0,0.0,0.0,0.0,0.0,0.0,0.0,1.0,0.0,0.0,0.0,0.0,0.0,0.0,0.0,0.0,0.052632,0.0,1.0,0.0,1.0,0.0,0.0,1.0,0.0,0.0,0.0,0
0.0,0.14782,0.016429,0.0,1.0,0.0,0.0,0.0,1.0,0.0,0.0,0.0,0.0,0.0,0.0,0.0,0.0,0.0,0.0,1.0,0.0,0.0,0.0,0.0,1.0,0.0,0.0,0.0,0.0,0.0,0.0,0.0,0.0,0.092105,0.0,0.0,0.089552,0.0,1.0,0.0,0.0,0.104,0.00347,0.0,0
0.0,0.152932,0.053571,1.0,0.0,0.0,0.0,1.0,0.0,0.0,0.0,1.0,0.0,0.0,0.0,0.0,0.0,0.0,0.0,0.0,0.0,0.0,0.0,0.0,0.0,1.0,0.0,0.0,0.0,0.0,0.0,0.0,0.0,0.065789,0.0,0.0,0.089552,1.0,1.0,0.0,0.0,0.1,0.00327,1.0,1
0.0,0.29203,0.035714,1.0,0.0,0.0,0.0,1.0,0.0,0.0,0.0,0.0,0.0,0.0,0.0,0.0,0.0,0.0,0.0,0.0,1.0,0.0,0.0,0.0,1.0,0.0,0.0,0.0,0.0,0.0,0.0,0.0,0.0,0.026316,0.0,0.0,0.104478,0.0,1.0,0.0,0.0,0.17,0.04071,1.0,1
0.0,0.52,0.428571,1.0,0.0,0.0,0.0,1.0,0.0,0.0,0.0,0.0,0.0,0.0,0.0,0.0,1.0,0.0,0.0,0.0,0.0,0.0,0.0,0.0,1.0,0.0,0.0,0.0,0.0,0.0,0.0,0.0,0.0,0.561404,0.0,1.0,0.0,1.0,0.0,0.0,1.0,0.055,0.0,1.0,0
0.0,0.947368,0.796071,1.0,0.0,0.0,0.0,1.0,0.0,0.0,0.0,0.0,0.0,0.0,0.0,0.0,0.0,0.0,0.0,0.0,0.0,1.0,0.0,0.0,0.0,0.0,0.0,0.0,0.0,1.0,0.0,0.0,0.0,0.447368,0.0,0.0,0.014925,0.0,1.0,0.0,0.0,0.0,0.00109,1.0,1
0.0,0.565113,0.357143,1.0,0.0,0.0,0.0,1.0,0.0,0.0,0.0,0.0,0.0,1.0,0.0,0.0,0.0,0.0,0.0,0.0,0.0,0.0,0.0,0.0,0.0,0.0,1.0,0.0,0.0,0.0,0.0,0.0,0.0,0.0,0.0,0.0,0.164179,1.0,1.0,0.0,0.0,0.0,0.01249,1.0,1
0.0,0.315789,0.535714,1.0,0.0,0.0,0.0,1.0,0.0,0.0,0.0,0.0,0.0,0.0,0.0,0.0,0.0,1.0,0.0,0.0,0.0,0.0,0.0,0.0,0.0,0.0,0.0,0.0,1.0,0.0,0.0,0.0,0.0,0.188596,0.0,0.0,0.134328,0.0,1.0,0.0,0.0,0.0,0.00134,1.0,1
0.0,0.373383,0.119107,1.0,0.0,0.0,0.0,1.0,0.0,0.0,0.0,0.0,0.0,0.0,0.0,0.0,0.0,0.0,0.0,1.0,0.0,0.0,0.0,0.0,1.0,0.0,0.0,0.0,0.0,0.0,0.0,0.0,0.0,0.140351,0.0,0.0,0.208955,1.0,1.0,0.0,0.0,0.1915,0.01344,1.0,1
1.0,0.130376,0.401786,0.0,1.0,0.0,0.0,0.0,1.0,0.0,0.0,0.0,0.0,0.0,0.0,0.0,0.0,0.0,0.0,0.0,1.0,0.0,0.0,0.0,0.0,1.0,0.0,0.0,0.0,0.0,0.0,0.0,0.0,0.026316,0.0,0.0,0.059701,1.0,1.0,0.0,0.0,0.0,0.00321,1.0,1
0.0,0.423609,0.015,1.0,0.0,0.0,0.0,1.0,0.0,0.0,1.0,0.0,0.0,0.0,0.0,0.0,0.0,0.0,0.0,0.0,0.0,0.0,0.0,0.0,0.0,1.0,0.0,0.0,0.0,0.0,0.0,0.0,0.0,0.007368,0.0,0.0,0.089552,1.0,1.0,0.0,0.0,0.11,0.00948,1.0,1
0.0,0.238045,0.160714,1.0,0.0,0.0,0.0,1.0,0.0,0.0,0.0,0.0,0.0,0.0,0.0,0.0,0.0,0.0,0.0,1.0,0.0,0.0,0.0,0.0,1.0,0.0,0.0,0.0,0.0,0.0,0.0,0.0,0.0,0.263158,0.0,0.0,0.029851,0.0,1.0,0.0,0.0,0.165,0.0,1.0,1
1.0,0.276992,0.052143,1.0,0.0,0.0,0.0,1.0,0.0,0.0,0.0,0.0,0.0,0.0,0.0,0.0,0.0,0.0,0.0,1.0,0.0,0.0,0.0,0.0,1.0,0.0,0.0,0.0,0.0,0.0,0.0,0.0,0.0,0.03807,0.0,0.0,0.238806,1.0,1.0,0.0,0.0,0.06,0.02079,1.0,1
0.0,0.566466,0.001429,1.0,0.0,0.0,0.0,1.0,0.0,0.0,0.0,0.0,0.0,0.0,0.0,0.0,0.0,0.0,0.0,0.0,1.0,0.0,0.0,0.0,0.0,1.0,0.0,0.0,0.0,0.0,0.0,0.0,0.0,0.001404,0.0,1.0,0.0,1.0,1.0,0.0,0.0,0.0,0.03,1.0,1
1.0,0.136541,0.081786,1.0,0.0,0.0,0.0,1.0,0.0,0.0,0.0,0.0,0.0,0.0,0.0,0.0,0.0,0.0,1.0,0.0,0.0,0.0,0.0,0.0,0.0,1.0,0.0,0.0,0.0,0.0,0.0,0.0,0.0,0.080351,0.0,0.0,0.104478,0.0,1.0,0.0,0.0,0.07,0.02384,1.0,1
1.0,0.169173,0.440357,1.0,0.0,0.0,0.0,1.0,0.0,0.0,0.0,0.0,1.0,0.0,0.0,0.0,0.0,0.0,0.0,0.0,0.0,0.0,0.0,0.0,0.0,1.0,0.0,0.0,0.0,0.0,0.0,0.0,0.0,0.122807,0.0,0.0,0.089552,1.0,1.0,0.0,0.0,0.2,0.00458,1.0,1
0.0,0.195489,0.040179,1.0,0.0,0.0,0.0,1.0,0.0,0.0,0.0,0.0,0.0,0.0,0.0,0.0,0.0,0.0,0.0,0.0,1.0,0.0,0.0,0.0,0.0,1.0,0.0,0.0,0.0,0.0,0.0,0.0,0.0,0.04386,0.0,1.0,0.0,1.0,1.0,0.0,0.0,0.0,0.05298,1.0,1
0.0,0.14406,0.053571,1.0,0.0,0.0,0.0,1.0,0.0,0.0,1.0,0.0,0.0,0.0,0.0,0.0,0.0,0.0,0.0,0.0,0.0,0.0,0.0,0.0,0.0,1.0,0.0,0.0,0.0,0.0,0.0,0.0,0.0,0.049649,0.0,1.0,0.0,1.0,1.0,0.0,0.0,0.211,0.002,1.0,1
0.0,0.160451,0.440536,1.0,0.0,0.0,0.0,1.0,0.0,0.0,0.0,0.0,0.0,0.0,0.0,0.0,0.0,0.0,1.0,0.0,0.0,0.0,0.0,0.0,0.0,1.0,0.0,0.0,0.0,0.0,0.0,0.0,0.0,0.055614,0.0,1.0,0.0,0.0,1.0,0.0,0.0,0.06,0.0,1.0,1
0.0,0.427368,0.18,1.0,0.0,0.0,0.0,1.0,0.0,0.0,0.0,0.0,0.0,0.0,0.0,0.0,0.0,0.0,1.0,0.0,0.0,0.0,0.0,0.0,0.0,1.0,0.0,0.0,0.0,0.0,0.0,0.0,0.0,0.447368,0.0,1.0,0.0,0.0,1.0,0.0,0.0,0.046,0.0,1.0,1
1.0,0.106466,0.107143,1.0,0.0,0.0,0.0,1.0,0.0,0.0,0.0,0.0,0.0,0.0,0.0,0.0,0.0,0.0,0.0,0.0,0.0,0.0,1.0,0.0,1.0,0.0,0.0,0.0,0.0,0.0,0.0,0.0,0.0,0.001404,0.0,1.0,0.0,1.0,1.0,0.0,0.0,0.05,0.0,1.0,1
0.0,0.140301,0.410714,1.0,0.0,0.0,0.0,1.0,0.0,0.0,0.0,0.0,0.0,0.0,0.0,0.0,0.0,0.0,0.0,1.0,0.0,0.0,0.0,0.0,0.0,1.0,0.0,0.0,0.0,0.0,0.0,0.0,0.0,0.074561,0.0,0.0,0.164179,0.0,1.0,0.0,0.0,0.145,0.00284,1.0,1
1.0,0.171729,0.102679,1.0,0.0,0.0,0.0,1.0,0.0,0.0,0.0,0.0,0.0,0.0,0.0,0.0,0.0,0.0,0.0,0.0,1.0,0.0,0.0,0.0,0.0,1.0,0.0,0.0,0.0,0.0,0.0,0.0,0.0,0.030702,0.0,1.0,0.0,1.0,1.0,0.0,0.0,0.18,0.0,1.0,1
0.0,0.441053,0.013393,0.0,1.0,0.0,0.0,0.0,1.0,0.0,1.0,0.0,0.0,0.0,0.0,0.0,0.0,0.0,0.0,0.0,0.0,0.0,0.0,0.0,1.0,0.0,0.0,0.0,0.0,0.0,0.0,0.0,0.0,0.013158,0.0,0.0,0.119403,0.0,1.0,0.0,0.0,0.15,0.00162,1.0,0
1.0,0.330827,0.032679,1.0,0.0,0.0,0.0,1.0,0.0,0.0,0.0,0.0,0.0,0.0,0.0,0.0,0.0,0.0,0.0,0.0,0.0,0.0,1.0,0.0,1.0,0.0,0.0,0.0,0.0,0.0,0.0,0.0,0.0,0.026316,0.0,0.0,0.059701,1.0,1.0,0.0,0.0,0.0,0.01583,1.0,1
0.0,0.68797,0.098214,1.0,0.0,0.0,0.0,1.0,0.0,0.0,0.0,0.0,0.0,0.0,0.0,0.0,0.0,0.0,0.0,1.0,0.0,0.0,0.0,0.0,1.0,0.0,0.0,0.0,0.0,0.0,0.0,0.0,0.0,0.061404,0.0,0.0,0.074627,0.0,1.0,0.0,0.0,0.03,5.8E-4,1.0,1
0.0,0.109023,0.107143,0.0,1.0,0.0,0.0,0.0,1.0,0.0,0.0,1.0,0.0,0.0,0.0,0.0,0.0,0.0,0.0,0.0,0.0,0.0,0.0,0.0,1.0,0.0,0.0,0.0,0.0,0.0,0.0,0.0,0.0,0.03807,0.0,0.0,0.119403,0.0,1.0,0.0,0.0,0.08,1.0E-5,1.0,0
0.0,0.122857,0.019286,0.0,1.0,0.0,0.0,0.0,1.0,0.0,0.0,0.0,0.0,0.0,0.0,0.0,0.0,0.0,0.0,0.0,1.0,0.0,0.0,0.0,1.0,0.0,0.0,0.0,0.0,0.0,0.0,0.0,0.0,0.001404,0.0,0.0,0.014925,0.0,1.0,0.0,0.0,0.42,5.9E-4,1.0,0
1.0,0.773233,0.5,1.0,0.0,0.0,0.0,1.0,0.0,0.0,0.0,0.0,0.0,0.0,0.0,0.0,0.0,0.0,0.0,0.0,0.0,0.0,0.0,1.0,0.0,0.0,0.0,0.0,0.0,0.0,0.0,1.0,0.0,0.0,0.0,0.0,0.164179,0.0,1.0,0.0,0.0,0.0,0.014,1.0,1
1.0,0.098947,0.357143,1.0,0.0,0.0,0.0,1.0,0.0,0.0,1.0,0.0,0.0,0.0,0.0,0.0,0.0,0.0,0.0,0.0,0.0,0.0,0.0,0.0,0.0,1.0,0.0,0.0,0.0,0.0,0.0,0.0,0.0,0.035088,0.0,0.0,0.059701,1.0,1.0,0.0,0.0,0.025,0.01465,1.0,1
0.0,0.278195,0.005893,0.0,1.0,0.0,0.0,0.0,1.0,0.0,1.0,0.0,0.0,0.0,0.0,0.0,0.0,0.0,0.0,0.0,0.0,0.0,0.0,0.0,0.0,1.0,0.0,0.0,0.0,0.0,0.0,0.0,0.0,0.114035,0.0,0.0,0.014925,0.0,1.0,0.0,0.0,0.216,0.08,1.0,0
0.0,0.246917,0.017857,1.0,0.0,0.0,0.0,1.0,0.0,0.0,1.0,0.0,0.0,0.0,0.0,0.0,0.0,0.0,0.0,0.0,0.0,0.0,0.0,0.0,1.0,0.0,0.0,0.0,0.0,0.0,0.0,0.0,0.0,0.061404,0.0,0.0,0.164179,1.0,1.0,0.0,0.0,0.016,0.0054,1.0,1
0.0,0.171729,0.214286,1.0,0.0,0.0,0.0,1.0,0.0,0.0,1.0,0.0,0.0,0.0,0.0,0.0,0.0,0.0,0.0,0.0,0.0,0.0,0.0,0.0,1.0,0.0,0.0,0.0,0.0,0.0,0.0,0.0,0.0,0.035088,0.0,0.0,0.044776,1.0,1.0,0.0,0.0,0.0,0.0,1.0,1
0.0,0.382256,0.058036,1.0,0.0,0.0,0.0,1.0,0.0,0.0,1.0,0.0,0.0,0.0,0.0,0.0,0.0,0.0,0.0,0.0,0.0,0.0,0.0,0.0,1.0,0.0,0.0,0.0,0.0,0.0,0.0,0.0,0.0,0.052632,0.0,0.0,0.149254,1.0,1.0,0.0,0.0,0.093,0.047,1.0,1
0.0,0.380902,0.214286,1.0,0.0,0.0,0.0,1.0,0.0,0.0,0.0,0.0,0.0,0.0,0.0,0.0,1.0,0.0,0.0,0.0,0.0,0.0,0.0,0.0,1.0,0.0,0.0,0.0,0.0,0.0,0.0,0.0,0.0,0.045263,0.0,0.0,0.074627,0.0,1.0,0.0,0.0,0.054,0.01097,1.0,1
0.0,0.269474,0.029643,1.0,0.0,0.0,0.0,1.0,0.0,0.0,0.0,0.0,0.0,0.0,0.0,0.0,0.0,0.0,0.0,0.0,1.0,0.0,0.0,0.0,1.0,0.0,0.0,0.0,0.0,0.0,0.0,0.0,0.0,0.046842,0.0,0.0,0.119403,0.0,1.0,0.0,0.0,0.1515,0.0329,1.0,1
0.0,0.409774,0.001429,1.0,0.0,0.0,0.0,1.0,0.0,0.0,0.0,0.0,0.0,0.0,0.0,0.0,0.0,0.0,0.0,0.0,0.0,1.0,0.0,0.0,1.0,0.0,0.0,0.0,0.0,0.0,0.0,0.0,0.0,0.001404,1.0,0.0,0.014925,1.0,0.0,0.0,1.0,0.28,0.0,1.0,0
0.0,0.522556,0.151786,1.0,0.0,0.0,0.0,1.0,0.0,0.0,0.0,0.0,0.0,0.0,0.0,0.0,1.0,0.0,0.0,0.0,0.0,0.0,0.0,0.0,1.0,0.0,0.0,0.0,0.0,0.0,0.0,0.0,0.0,0.004386,0.0,1.0,0.0,0.0,1.0,0.0,0.0,0.1125,0.0,1.0,1
0.0,0.284511,0.321429,0.0,1.0,0.0,0.0,0.0,1.0,0.0,0.0,0.0,0.0,0.0,0.0,0.0,0.0,0.0,0.0,1.0,0.0,0.0,0.0,0.0,0.0,1.0,0.0,0.0,0.0,0.0,0.0,0.0,0.0,0.184211,0.0,1.0,0.0,0.0,1.0,0.0,0.0,0.077,0.0,1.0,0
1.0,0.215489,0.535714,0.0,1.0,0.0,0.0,0.0,1.0,0.0,0.0,0.0,0.0,0.0,0.0,0.0,0.0,0.0,0.0,0.0,0.0,1.0,0.0,0.0,0.0,0.0,0.0,0.0,0.0,1.0,0.0,0.0,0.0,0.0,0.0,1.0,0.0,1.0,1.0,0.0,0.0,0.0,0.13212,1.0,0
0.0,0.897293,0.633929,1.0,0.0,0.0,0.0,1.0,0.0,0.0,0.0,0.0,0.0,0.0,0.0,0.0,0.0,0.0,0.0,0.0,0.0,0.0,0.0,1.0,0.0,0.0,0.0,0.0,0.0,0.0,0.0,1.0,0.0,0.0,0.0,1.0,0.0,0.0,1.0,0.0,0.0,0.0,0.0,1.0,1
0.0,0.756842,0.714286,1.0,0.0,0.0,0.0,1.0,0.0,0.0,0.0,0.0,0.0,0.0,0.0,0.0,0.0,0.0,0.0,0.0,1.0,0.0,0.0,0.0,0.0,1.0,0.0,0.0,0.0,0.0,0.0,0.0,0.0,0.614035,0.0,0.0,0.134328,0.0,1.0,0.0,0.0,0.0,0.01,1.0,1
0.0,0.568872,0.535714,1.0,0.0,0.0,0.0,1.0,0.0,0.0,1.0,0.0,0.0,0.0,0.0,0.0,0.0,0.0,0.0,0.0,0.0,0.0,0.0,0.0,1.0,0.0,0.0,0.0,0.0,0.0,0.0,0.0,0.0,0.298246,0.0,0.0,0.134328,1.0,1.0,0.0,0.0,0.0,0.0,1.0,1
0.0,0.194286,0.0625,0.0,1.0,0.0,0.0,0.0,1.0,0.0,1.0,0.0,0.0,0.0,0.0,0.0,0.0,0.0,0.0,0.0,0.0,0.0,0.0,0.0,1.0,0.0,0.0,0.0,0.0,0.0,0.0,0.0,0.0,0.035088,0.0,0.0,0.074627,0.0,1.0,0.0,0.0,0.08,0.05777,1.0,0
0.0,0.174135,0.020714,1.0,0.0,0.0,0.0,1.0,0.0,0.0,1.0,0.0,0.0,0.0,0.0,0.0,0.0,0.0,0.0,0.0,0.0,0.0,0.0,0.0,1.0,0.0,0.0,0.0,0.0,0.0,0.0,0.0,0.0,0.010175,0.0,0.0,0.104478,0.0,1.0,0.0,0.0,0.048,0.05124,1.0,1
0.0,0.246917,0.232143,1.0,0.0,0.0,0.0,1.0,0.0,0.0,0.0,0.0,1.0,0.0,0.0,0.0,0.0,0.0,0.0,0.0,0.0,0.0,0.0,0.0,1.0,0.0,0.0,0.0,0.0,0.0,0.0,0.0,0.0,0.109649,0.0,0.0,0.119403,1.0,1.0,0.0,0.0,0.165,0.012,1.0,1
0.0,0.199248,0.026786,1.0,0.0,0.0,0.0,1.0,0.0,0.0,1.0,0.0,0.0,0.0,0.0,0.0,0.0,0.0,0.0,0.0,0.0,0.0,0.0,0.0,0.0,1.0,0.0,0.0,0.0,0.0,0.0,0.0,0.0,0.149123,0.0,0.0,0.044776,0.0,1.0,0.0,0.0,0.156,0.0015,1.0,1
0.0,0.141654,0.0,1.0,0.0,0.0,0.0,1.0,0.0,0.0,1.0,0.0,0.0,0.0,0.0,0.0,0.0,0.0,0.0,0.0,0.0,0.0,0.0,0.0,1.0,0.0,0.0,0.0,0.0,0.0,0.0,0.0,0.0,0.0,1.0,1.0,0.0,1.0,0.0,1.0,0.0,0.092007,0.0,1.0,0
0.0,0.307068,0.1875,1.0,0.0,0.0,0.0,1.0,0.0,0.0,0.0,0.0,0.0,0.0,0.0,0.0,0.0,0.0,0.0,1.0,0.0,0.0,0.0,0.0,1.0,0.0,0.0,0.0,0.0,0.0,0.0,0.0,0.0,0.002982,1.0,1.0,0.0,0.0,1.0,0.0,0.0,0.145,6.0E-5,1.0,0
0.0,0.374737,0.0075,1.0,0.0,0.0,0.0,1.0,0.0,0.0,0.0,0.0,0.0,0.0,0.0,1.0,0.0,0.0,0.0,0.0,0.0,0.0,0.0,0.0,1.0,0.0,0.0,0.0,0.0,0.0,0.0,0.0,0.0,0.002982,0.0,1.0,0.0,0.0,1.0,0.0,0.0,0.14,0.0,1.0,1
0.0,0.180451,0.026786,1.0,0.0,0.0,0.0,1.0,0.0,0.0,1.0,0.0,0.0,0.0,0.0,0.0,0.0,0.0,0.0,0.0,0.0,0.0,0.0,0.0,0.0,0.0,1.0,0.0,0.0,0.0,0.0,0.0,0.0,0.008772,0.0,1.0,0.0,1.0,1.0,0.0,0.0,0.1745,2.3E-4,1.0,1
1.0,0.486165,0.107143,1.0,0.0,0.0,0.0,1.0,0.0,0.0,1.0,0.0,0.0,0.0,0.0,0.0,0.0,0.0,0.0,0.0,0.0,0.0,0.0,0.0,1.0,0.0,0.0,0.0,0.0,0.0,0.0,0.0,0.0,0.083333,0.0,0.0,0.119403,0.0,1.0,0.0,0.0,0.198,0.04159,1.0,1
1.0,0.116541,0.214286,1.0,0.0,0.0,0.0,1.0,0.0,0.0,0.0,0.0,0.0,0.0,0.0,0.0,0.0,0.0,0.0,0.0,0.0,0.0,1.0,0.0,1.0,0.0,0.0,0.0,0.0,0.0,0.0,0.0,0.0,0.087719,0.0,0.0,0.044776,1.0,1.0,0.0,0.0,0.04,0.00918,1.0,1
0.0,0.095188,0.004464,1.0,0.0,0.0,0.0,1.0,0.0,0.0,0.0,0.0,0.0,0.0,0.0,0.0,0.0,0.0,1.0,0.0,0.0,0.0,0.0,0.0,1.0,0.0,0.0,0.0,0.0,0.0,0.0,0.0,0.0,0.035088,1.0,0.0,0.014925,1.0,1.0,0.0,0.0,0.12,0.00768,1.0,0
0.0,0.101504,0.08625,1.0,0.0,0.0,0.0,1.0,0.0,0.0,1.0,0.0,0.0,0.0,0.0,0.0,0.0,0.0,0.0,0.0,0.0,0.0,0.0,0.0,1.0,0.0,0.0,0.0,0.0,0.0,0.0,0.0,0.0,0.070175,0.0,0.0,0.164179,0.0,1.0,0.0,0.0,0.1,0.03,1.0,1
1.0,0.236842,0.016429,1.0,0.0,0.0,0.0,1.0,0.0,0.0,0.0,0.0,0.0,0.0,0.0,1.0,0.0,0.0,0.0,0.0,0.0,0.0,0.0,0.0,1.0,0.0,0.0,0.0,0.0,0.0,0.0,0.0,0.0,0.018947,0.0,0.0,0.059701,1.0,1.0,0.0,0.0,0.19,0.005,1.0,1
0.0,0.428571,0.0625,0.0,1.0,0.0,0.0,0.0,1.0,0.0,1.0,0.0,0.0,0.0,0.0,0.0,0.0,0.0,0.0,0.0,0.0,0.0,0.0,0.0,1.0,0.0,0.0,0.0,0.0,0.0,0.0,0.0,0.0,0.0,1.0,1.0,0.0,0.0,1.0,0.0,0.0,0.075,1.0E-5,0.0,0
0.0,0.241805,0.044643,0.0,1.0,0.0,0.0,0.0,1.0,0.0,0.0,0.0,0.0,0.0,0.0,1.0,0.0,0.0,0.0,0.0,0.0,0.0,0.0,0.0,1.0,0.0,0.0,0.0,0.0,0.0,0.0,0.0,0.0,0.008772,1.0,1.0,0.0,1.0,1.0,0.0,0.0,0.112,0.0,0.0,0
0.0,0.095188,0.008929,1.0,0.0,0.0,0.0,1.0,0.0,0.0,0.0,0.0,0.0,0.0,0.0,0.0,0.0,0.0,1.0,0.0,0.0,0.0,0.0,0.0,1.0,0.0,0.0,0.0,0.0,0.0,0.0,0.0,0.0,0.004386,1.0,1.0,0.0,1.0,1.0,0.0,0.0,0.1,0.0,0.0,0
0.0,0.145414,0.020893,1.0,0.0,0.0,0.0,1.0,0.0,0.0,1.0,0.0,0.0,0.0,0.0,0.0,0.0,0.0,0.0,0.0,0.0,0.0,0.0,0.0,0.0,1.0,0.0,0.0,0.0,0.0,0.0,0.0,0.0,0.002982,0.0,1.0,0.0,1.0,1.0,0.0,0.0,0.09,0.0,0.0,1
1.0,0.238045,0.0625,0.0,1.0,0.0,0.0,0.0,1.0,0.0,0.0,0.0,0.0,0.0,0.0,1.0,0.0,0.0,0.0,0.0,0.0,0.0,0.0,0.0,1.0,0.0,0.0,0.0,0.0,0.0,0.0,0.0,0.0,0.04386,1.0,1.0,0.0,0.0,1.0,0.0,0.0,0.14,0.0,0.0,0
0.0,0.036391,0.001429,1.0,0.0,0.0,0.0,1.0,0.0,0.0,1.0,0.0,0.0,0.0,0.0,0.0,0.0,0.0,0.0,0.0,0.0,0.0,0.0,0.0,1.0,0.0,0.0,0.0,0.0,0.0,0.0,0.0,0.0,0.001404,1.0,1.0,0.0,1.0,1.0,0.0,0.0,0.0,0.0,1.0,0
0.0,0.279398,0.125,1.0,0.0,0.0,0.0,1.0,0.0,0.0,0.0,0.0,0.0,0.0,0.0,1.0,0.0,0.0,0.0,0.0,0.0,0.0,0.0,0.0,1.0,0.0,0.0,0.0,0.0,0.0,0.0,0.0,0.0,0.017544,1.0,1.0,0.0,0.0,1.0,0.0,0.0,0.116,0.0,0.0,0
0.0,0.26794,0.001429,0.0,1.0,0.0,0.0,0.0,1.0,0.0,0.0,1.0,0.0,0.0,0.0,0.0,0.0,0.0,0.0,0.0,0.0,0.0,0.0,0.0,1.0,0.0,0.0,0.0,0.0,0.0,0.0,0.0,0.0,0.149123,1.0,1.0,0.0,0.0,1.0,0.0,0.0,0.23,0.0,0.0,0
0.0,0.512481,0.14875,1.0,0.0,0.0,0.0,1.0,0.0,0.0,0.0,0.0,0.0,0.0,0.0,0.0,0.0,0.0,0.0,0.0,1.0,0.0,0.0,0.0,0.0,0.0,1.0,0.0,0.0,0.0,0.0,0.0,0.0,0.002982,1.0,1.0,0.0,0.0,1.0,0.0,0.0,0.26,0.0,0.0,0
0.0,0.093985,0.044643,0.0,1.0,0.0,0.0,0.0,1.0,0.0,0.0,0.0,0.0,0.0,0.0,1.0,0.0,0.0,0.0,0.0,0.0,0.0,0.0,0.0,1.0,0.0,0.0,0.0,0.0,0.0,0.0,0.0,0.0,0.004386,1.0,1.0,0.0,1.0,1.0,0.0,0.0,0.07,4.0E-5,0.0,0
0.0,0.20797,0.116071,0.0,1.0,0.0,0.0,0.0,1.0,0.0,0.0,0.0,0.0,0.0,0.0,0.0,0.0,0.0,1.0,0.0,0.0,0.0,0.0,0.0,0.0,1.0,0.0,0.0,0.0,0.0,0.0,0.0,0.0,0.178421,1.0,0.0,0.029851,0.0,1.0,0.0,0.0,0.1845,1.0E-5,0.0,0
0.0,0.12406,0.028214,1.0,0.0,0.0,0.0,1.0,0.0,0.0,0.0,0.0,0.0,0.0,0.0,0.0,0.0,0.0,0.0,1.0,0.0,0.0,0.0,0.0,1.0,0.0,0.0,0.0,0.0,0.0,0.0,0.0,0.0,0.010175,1.0,0.0,0.014925,1.0,1.0,0.0,0.0,0.21,0.00283,0.0,0
0.0,0.08391,0.389821,1.0,0.0,0.0,0.0,1.0,0.0,0.0,1.0,0.0,0.0,0.0,0.0,0.0,0.0,0.0,0.0,0.0,0.0,0.0,0.0,0.0,0.0,0.0,1.0,0.0,0.0,0.0,0.0,0.0,0.0,0.020526,1.0,0.0,0.029851,0.0,1.0,0.0,0.0,0.1,7.0E-5,0.0,0
1.0,0.369624,0.157679,1.0,0.0,0.0,0.0,1.0,0.0,0.0,1.0,0.0,0.0,0.0,0.0,0.0,0.0,0.0,0.0,0.0,0.0,0.0,0.0,0.0,1.0,0.0,0.0,0.0,0.0,0.0,0.0,0.0,0.0,0.004386,1.0,1.0,0.0,1.0,1.0,0.0,0.0,0.08,0.0,0.0,0
0.0,0.235639,0.044643,1.0,0.0,0.0,0.0,1.0,0.0,0.0,1.0,0.0,0.0,0.0,0.0,0.0,0.0,0.0,0.0,0.0,0.0,0.0,0.0,0.0,0.0,1.0,0.0,0.0,0.0,0.0,0.0,0.0,0.0,0.008772,1.0,0.0,0.029851,0.0,1.0,0.0,0.0,0.2,0.00108,0.0,1
0.0,0.134135,0.026786,1.0,0.0,0.0,0.0,1.0,0.0,0.0,0.0,0.0,0.0,1.0,0.0,0.0,0.0,0.0,0.0,0.0,0.0,0.0,0.0,0.0,1.0,0.0,0.0,0.0,0.0,0.0,0.0,0.0,0.0,0.055614,1.0,0.0,0.014925,0.0,1.0,0.0,0.0,0.2,9.0E-5,0.0,0
0.0,0.278195,0.5,0.0,1.0,0.0,0.0,0.0,1.0,0.0,0.0,0.0,0.0,0.0,0.0,0.0,0.0,0.0,0.0,0.0,0.0,0.0,0.0,1.0,0.0,0.0,0.0,0.0,0.0,0.0,0.0,1.0,0.0,0.0,1.0,0.0,0.029851,1.0,1.0,0.0,0.0,0.08,1.0E-5,0.0,0
0.0,0.238045,0.169643,1.0,0.0,0.0,0.0,1.0,0.0,0.0,0.0,0.0,0.0,0.0,0.0,0.0,1.0,0.0,0.0,0.0,0.0,0.0,0.0,0.0,1.0,0.0,0.0,0.0,0.0,0.0,0.0,0.0,0.0,0.070175,1.0,0.0,0.014925,0.0,1.0,0.0,0.0,0.23,6.8E-4,0.0,0
0.0,0.070226,0.371964,0.0,1.0,0.0,0.0,0.0,1.0,0.0,0.0,0.0,0.0,0.0,0.0,0.0,0.0,0.0,0.0,0.0,0.0,0.0,1.0,0.0,1.0,0.0,0.0,0.0,0.0,0.0,0.0,0.0,0.0,0.004386,0.0,1.0,0.0,1.0,1.0,0.0,0.0,0.06,0.00375,0.0,0
0.0,0.126617,0.080357,1.0,0.0,0.0,0.0,1.0,0.0,0.0,0.0,0.0,0.0,1.0,0.0,0.0,0.0,0.0,0.0,0.0,0.0,0.0,0.0,0.0,1.0,0.0,0.0,0.0,0.0,0.0,0.0,0.0,0.0,0.004386,1.0,1.0,0.0,1.0,1.0,0.0,0.0,0.08,1.0E-4,0.0,0
0.0,0.134135,0.005893,1.0,0.0,0.0,0.0,1.0,0.0,0.0,1.0,0.0,0.0,0.0,0.0,0.0,0.0,0.0,0.0,0.0,0.0,0.0,0.0,0.0,0.0,0.0,0.0,1.0,0.0,0.0,0.0,0.0,0.0,0.078947,1.0,1.0,0.0,0.0,0.0,0.0,1.0,0.0,0.0,1.0,0
1.0,0.177895,0.0,1.0,0.0,0.0,0.0,1.0,0.0,0.0,1.0,0.0,0.0,0.0,0.0,0.0,0.0,0.0,0.0,0.0,0.0,0.0,0.0,0.0,1.0,0.0,0.0,0.0,0.0,0.0,0.0,0.0,0.0,0.0,1.0,1.0,0.0,1.0,0.0,1.0,0.0,0.092007,0.0,1.0,0
0.0,0.076391,0.0,1.0,0.0,0.0,0.0,1.0,0.0,0.0,0.0,0.0,0.0,0.0,0.0,0.0,0.0,0.0,1.0,0.0,0.0,0.0,0.0,0.0,1.0,0.0,0.0,0.0,0.0,0.0,0.0,0.0,0.0,0.023333,1.0,1.0,0.0,1.0,1.0,0.0,0.0,0.08,1.0E-5,0.0,0
0.0,0.117744,0.028214,0.0,1.0,0.0,0.0,0.0,1.0,0.0,0.0,0.0,1.0,0.0,0.0,0.0,0.0,0.0,0.0,0.0,0.0,0.0,0.0,0.0,1.0,0.0,0.0,0.0,0.0,0.0,0.0,0.0,0.0,0.023333,1.0,1.0,0.0,1.0,1.0,0.0,0.0,0.08,0.0,0.0,0
0.0,0.150376,0.428571,1.0,0.0,0.0,0.0,1.0,0.0,0.0,1.0,0.0,0.0,0.0,0.0,0.0,0.0,0.0,0.0,0.0,0.0,0.0,0.0,0.0,1.0,0.0,0.0,0.0,0.0,0.0,0.0,0.0,0.0,0.073158,1.0,1.0,0.0,1.0,0.0,0.0,1.0,0.04,0.0,0.0,0
0.0,0.12406,0.279821,0.0,1.0,0.0,0.0,0.0,1.0,0.0,0.0,0.0,0.0,1.0,0.0,0.0,0.0,0.0,0.0,0.0,0.0,0.0,0.0,0.0,0.0,0.0,1.0,0.0,0.0,0.0,0.0,0.0,0.0,0.005789,1.0,1.0,0.0,0.0,1.0,0.0,0.0,0.092007,0.0,0.0,0
0.0,0.335789,0.090714,1.0,0.0,0.0,0.0,1.0,0.0,0.0,0.0,0.0,0.0,0.0,0.0,0.0,0.0,0.0,0.0,0.0,0.0,0.0,0.0,1.0,0.0,0.0,0.0,0.0,0.0,0.0,0.0,1.0,0.0,0.0,1.0,1.0,0.0,1.0,1.0,0.0,0.0,0.0,0.01,0.0,0
0.0,0.233083,0.464286,1.0,0.0,0.0,0.0,1.0,0.0,0.0,0.0,1.0,0.0,0.0,0.0,0.0,0.0,0.0,0.0,0.0,0.0,0.0,0.0,0.0,0.0,1.0,0.0,0.0,0.0,0.0,0.0,0.0,0.0,0.017544,1.0,1.0,0.0,1.0,1.0,0.0,0.0,0.114,0.0,0.0,0
1.0,0.087669,0.02375,1.0,0.0,0.0,0.0,1.0,0.0,0.0,0.0,0.0,0.0,0.0,0.0,0.0,0.0,0.0,0.0,1.0,0.0,0.0,0.0,0.0,1.0,0.0,0.0,0.0,0.0,0.0,0.0,0.0,0.0,0.058421,1.0,1.0,0.0,1.0,1.0,0.0,0.0,0.11,5.0E-5,0.0,0
1.0,0.137895,0.044643,1.0,0.0,0.0,0.0,1.0,0.0,0.0,0.0,0.0,0.0,0.0,0.0,0.0,0.0,0.0,1.0,0.0,0.0,0.0,0.0,0.0,1.0,0.0,0.0,0.0,0.0,0.0,0.0,0.0,0.0,0.008772,1.0,1.0,0.0,0.0,1.0,0.0,0.0,0.06,0.00809,0.0,0
1.0,0.203008,0.010357,1.0,0.0,0.0,0.0,1.0,0.0,0.0,0.0,0.0,0.0,0.0,0.0,0.0,1.0,0.0,0.0,0.0,0.0,0.0,0.0,0.0,0.0,1.0,0.0,0.0,0.0,0.0,0.0,0.0,0.0,0.004386,1.0,0.0,0.014925,0.0,1.0,0.0,0.0,0.136,0.00108,0.0,1
1.0,0.37594,0.053571,1.0,0.0,0.0,0.0,1.0,0.0,0.0,0.0,0.0,0.0,0.0,0.0,0.0,0.0,0.0,0.0,0.0,0.0,0.0,0.0,1.0,0.0,0.0,0.0,0.0,0.0,0.0,0.0,1.0,0.0,0.0,1.0,1.0,0.0,1.0,1.0,0.0,0.0,0.038,0.0,0.0,0
0.0,0.280752,0.077321,0.0,1.0,0.0,0.0,0.0,1.0,0.0,0.0,0.0,0.0,0.0,0.0,1.0,0.0,0.0,0.0,0.0,0.0,0.0,0.0,0.0,0.0,0.0,0.0,0.0,0.0,0.0,0.0,1.0,0.0,0.0,1.0,1.0,0.0,1.0,1.0,0.0,0.0,0.06,0.0,0.0,0
1.0,0.150376,0.025357,1.0,0.0,0.0,0.0,1.0,0.0,0.0,0.0,0.0,0.0,0.0,0.0,0.0,0.0,0.0,0.0,1.0,0.0,0.0,0.0,0.0,1.0,0.0,0.0,0.0,0.0,0.0,0.0,0.0,0.0,0.008772,1.0,0.0,0.014925,0.0,1.0,0.0,0.0,0.12,4.0E-5,0.0,0
0.0,0.066466,0.087857,1.0,0.0,0.0,0.0,1.0,0.0,0.0,1.0,0.0,0.0,0.0,0.0,0.0,0.0,0.0,0.0,0.0,0.0,0.0,0.0,0.0,0.0,0.0,0.0,0.0,1.0,0.0,0.0,0.0,0.0,0.033684,1.0,0.0,0.029851,0.0,1.0,0.0,0.0,0.08,0.00587,0.0,0
0.0,0.408571,0.017857,0.0,1.0,0.0,0.0,0.0,1.0,0.0,0.0,0.0,0.0,0.0,0.0,0.0,1.0,0.0,0.0,0.0,0.0,0.0,0.0,0.0,1.0,0.0,0.0,0.0,0.0,0.0,0.0,0.0,0.0,0.017544,1.0,1.0,0.0,0.0,1.0,0.0,0.0,0.065,0.0,0.0,0
0.0,0.086466,0.342321,1.0,0.0,0.0,0.0,1.0,0.0,0.0,0.0,0.0,0.0,0.0,0.0,0.0,0.0,0.0,0.0,0.0,0.0,0.0,1.0,0.0,1.0,0.0,0.0,0.0,0.0,0.0,0.0,0.0,0.0,0.027719,1.0,1.0,0.0,1.0,1.0,0.0,0.0,0.04,0.0035,0.0,0
0.0,0.223008,0.129464,1.0,0.0,0.0,0.0,1.0,0.0,0.0,0.0,0.0,0.0,0.0,0.0,0.0,0.0,0.0,0.0,0.0,0.0,0.0,1.0,0.0,1.0,0.0,0.0,0.0,0.0,0.0,0.0,0.0,0.0,0.008772,1.0,1.0,0.0,0.0,1.0,0.0,0.0,0.05,0.0,0.0,0
0.0,0.328271,0.026786,1.0,0.0,0.0,0.0,1.0,0.0,0.0,0.0,0.0,0.0,0.0,0.0,1.0,0.0,0.0,0.0,0.0,0.0,0.0,0.0,0.0,1.0,0.0,0.0,0.0,0.0,0.0,0.0,0.0,0.0,0.052632,1.0,1.0,0.0,0.0,1.0,0.0,0.0,0.1155,0.0,0.0,0
0.0,0.307068,0.098214,1.0,0.0,0.0,0.0,1.0,0.0,0.0,0.0,0.0,0.0,1.0,0.0,0.0,0.0,0.0,0.0,0.0,0.0,0.0,0.0,0.0,0.0,0.0,1.0,0.0,0.0,0.0,0.0,0.0,0.0,0.087719,1.0,1.0,0.0,0.0,1.0,0.0,0.0,0.116,0.002,0.0,0
0.0,0.29203,0.080357,0.0,1.0,0.0,0.0,0.0,1.0,0.0,0.0,0.0,1.0,0.0,0.0,0.0,0.0,0.0,0.0,0.0,0.0,0.0,0.0,0.0,1.0,0.0,0.0,0.0,0.0,0.0,0.0,0.0,0.0,0.122807,1.0,1.0,0.0,0.0,1.0,0.0,0.0,0.1,0.00141,0.0,0
0.0,0.26812,0.026786,0.0,1.0,0.0,0.0,0.0,1.0,0.0,0.0,0.0,0.0,0.0,0.0,0.0,0.0,0.0,0.0,0.0,0.0,0.0,1.0,0.0,1.0,0.0,0.0,0.0,0.0,0.0,0.0,0.0,0.0,0.122807,1.0,1.0,0.0,0.0,1.0,0.0,0.0,0.16,0.0,0.0,0
1.0,0.582707,0.25,1.0,0.0,0.0,0.0,1.0,0.0,0.0,0.0,0.0,0.0,0.0,0.0,0.0,0.0,0.0,0.0,0.0,0.0,0.0,1.0,0.0,0.0,1.0,0.0,0.0,0.0,0.0,0.0,0.0,0.0,0.105263,1.0,1.0,0.0,1.0,1.0,0.0,0.0,0.0,0.0,0.0,0
0.0,0.337143,0.015,0.0,1.0,0.0,0.0,0.0,1.0,0.0,0.0,0.0,0.0,0.0,0.0,0.0,0.0,0.0,0.0,1.0,0.0,0.0,0.0,0.0,1.0,0.0,0.0,0.0,0.0,0.0,0.0,0.0,0.0,0.010175,1.0,1.0,0.0,0.0,1.0,0.0,0.0,0.1545,2.0E-5,0.0,0
0.0,0.354586,0.095179,1.0,0.0,0.0,0.0,1.0,0.0,0.0,0.0,0.0,1.0,0.0,0.0,0.0,0.0,0.0,0.0,0.0,0.0,0.0,0.0,0.0,1.0,0.0,0.0,0.0,0.0,0.0,0.0,0.0,0.0,0.005789,1.0,1.0,0.0,0.0,1.0,0.0,0.0,0.0,0.00501,0.0,0
1.0,0.106466,0.303571,1.0,0.0,0.0,0.0,1.0,0.0,0.0,1.0,0.0,0.0,0.0,0.0,0.0,0.0,0.0,0.0,0.0,0.0,0.0,0.0,0.0,1.0,0.0,0.0,0.0,0.0,0.0,0.0,0.0,0.0,0.005789,1.0,1.0,0.0,1.0,1.0,0.0,0.0,0.0,0.00351,0.0,0
0.0,0.155338,0.321429,1.0,0.0,0.0,0.0,1.0,0.0,0.0,0.0,0.0,0.0,0.0,0.0,0.0,0.0,0.0,0.0,0.0,0.0,0.0,1.0,0.0,1.0,0.0,0.0,0.0,0.0,0.0,0.0,0.0,0.0,0.008772,1.0,1.0,0.0,0.0,1.0,0.0,0.0,0.0,0.0,0.0,0
0.0,0.177895,0.011964,1.0,0.0,0.0,0.0,1.0,0.0,0.0,0.0,0.0,0.0,0.0,0.0,1.0,0.0,0.0,0.0,0.0,0.0,0.0,0.0,0.0,0.0,1.0,0.0,0.0,0.0,0.0,0.0,0.0,0.0,0.122807,1.0,1.0,0.0,0.0,1.0,0.0,0.0,0.17,0.0,0.0,0
1.0,0.322105,0.133929,1.0,0.0,0.0,0.0,1.0,0.0,0.0,0.0,0.0,0.0,0.0,0.0,0.0,0.0,0.0,0.0,0.0,0.0,0.0,0.0,1.0,0.0,0.0,0.0,0.0,0.0,0.0,0.0,1.0,0.0,0.0,1.0,0.0,0.089552,1.0,1.0,0.0,0.0,0.0,0.002,0.0,0
0.0,0.516241,0.133929,1.0,0.0,0.0,0.0,1.0,0.0,0.0,0.0,0.0,0.0,1.0,0.0,0.0,0.0,0.0,0.0,0.0,0.0,0.0,0.0,0.0,0.0,0.0,1.0,0.0,0.0,0.0,0.0,0.0,0.0,0.035088,1.0,1.0,0.0,1.0,1.0,0.0,0.0,0.05,2.0E-5,0.0,0
1.0,0.031278,0.272321,1.0,0.0,0.0,0.0,1.0,0.0,0.0,0.0,0.0,0.0,0.0,0.0,0.0,0.0,0.0,1.0,0.0,0.0,0.0,0.0,0.0,1.0,0.0,0.0,0.0,0.0,0.0,0.0,0.0,0.0,0.004386,1.0,0.0,0.014925,0.0,1.0,0.0,0.0,0.0,0.0016,0.0,0
1.0,0.131579,0.014821,1.0,0.0,0.0,0.0,1.0,0.0,0.0,0.0,0.0,0.0,1.0,0.0,0.0,0.0,0.0,0.0,0.0,0.0,0.0,0.0,0.0,1.0,0.0,0.0,0.0,0.0,0.0,0.0,0.0,0.0,0.011754,1.0,1.0,0.0,0.0,0.0,0.0,1.0,0.072,0.0,0.0,0
0.0,0.116541,0.410714,1.0,0.0,0.0,0.0,1.0,0.0,0.0,0.0,0.0,0.0,1.0,0.0,0.0,0.0,0.0,0.0,0.0,0.0,0.0,0.0,0.0,1.0,0.0,0.0,0.0,0.0,0.0,0.0,0.0,0.0,0.017544,0.0,1.0,0.0,0.0,1.0,0.0,0.0,0.05,6.8E-4,0.0,1
1.0,0.14782,0.029643,1.0,0.0,0.0,0.0,1.0,0.0,0.0,0.0,0.0,0.0,0.0,0.0,0.0,0.0,0.0,1.0,0.0,0.0,0.0,0.0,0.0,1.0,0.0,0.0,0.0,0.0,0.0,0.0,0.0,0.0,0.014561,1.0,0.0,0.014925,0.0,1.0,0.0,0.0,0.1,1.1E-4,0.0,0
1.0,0.110226,0.178571,0.0,1.0,0.0,0.0,0.0,1.0,0.0,0.0,0.0,0.0,0.0,0.0,0.0,0.0,0.0,0.0,0.0,0.0,0.0,0.0,1.0,0.0,0.0,0.0,0.0,0.0,0.0,0.0,1.0,0.0,0.0,1.0,1.0,0.0,1.0,1.0,0.0,0.0,0.0,0.0,0.0,0
0.0,0.179248,0.116071,1.0,0.0,0.0,0.0,1.0,0.0,0.0,1.0,0.0,0.0,0.0,0.0,0.0,0.0,0.0,0.0,0.0,0.0,0.0,0.0,0.0,0.0,1.0,0.0,0.0,0.0,0.0,0.0,0.0,0.0,0.080351,1.0,0.0,0.014925,0.0,1.0,0.0,0.0,0.208,2.1E-4,0.0,1
1.0,0.378496,0.059464,1.0,0.0,0.0,0.0,1.0,0.0,0.0,0.0,0.0,0.0,0.0,0.0,0.0,0.0,0.0,0.0,0.0,0.0,0.0,1.0,0.0,1.0,0.0,0.0,0.0,0.0,0.0,0.0,0.0,0.0,0.008772,1.0,1.0,0.0,1.0,1.0,0.0,0.0,0.0,0.0039,0.0,0
1.0,0.030075,0.013393,1.0,0.0,0.0,0.0,1.0,0.0,0.0,1.0,0.0,0.0,0.0,0.0,0.0,0.0,0.0,0.0,0.0,0.0,0.0,0.0,0.0,1.0,0.0,0.0,0.0,0.0,0.0,0.0,0.0,0.0,0.035088,1.0,1.0,0.0,1.0,1.0,0.0,0.0,0.06,1.8E-4,0.0,0
1.0,0.223008,0.133929,1.0,0.0,0.0,0.0,1.0,0.0,0.0,1.0,0.0,0.0,0.0,0.0,0.0,0.0,0.0,0.0,0.0,0.0,0.0,0.0,0.0,1.0,0.0,0.0,0.0,0.0,0.0,0.0,0.0,0.0,0.008772,1.0,0.0,0.014925,0.0,1.0,0.0,0.0,0.02,0.00154,0.0,0
0.0,0.12782,0.321429,1.0,0.0,0.0,0.0,1.0,0.0,0.0,0.0,0.0,0.0,0.0,0.0,0.0,0.0,0.0,0.0,0.0,0.0,0.0,1.0,0.0,1.0,0.0,0.0,0.0,0.0,0.0,0.0,0.0,0.0,0.002982,1.0,1.0,0.0,1.0,1.0,0.0,0.0,0.0,0.0,0.0,0
0.0,0.241805,0.125,1.0,0.0,0.0,0.0,1.0,0.0,0.0,1.0,0.0,0.0,0.0,0.0,0.0,0.0,0.0,0.0,0.0,0.0,0.0,0.0,0.0,1.0,0.0,0.0,0.0,0.0,0.0,0.0,0.0,0.0,0.005789,1.0,1.0,0.0,1.0,1.0,0.0,0.0,0.108,0.0,0.0,0
1.0,0.146617,0.053571,1.0,0.0,0.0,0.0,1.0,0.0,0.0,0.0,0.0,0.0,0.0,0.0,0.0,0.0,0.0,0.0,1.0,0.0,0.0,0.0,0.0,1.0,0.0,0.0,0.0,0.0,0.0,0.0,0.0,0.0,0.030702,1.0,1.0,0.0,0.0,1.0,0.0,0.0,0.08,0.0,0.0,0
0.0,0.275639,0.142857,0.0,1.0,0.0,0.0,0.0,1.0,0.0,0.0,0.0,1.0,0.0,0.0,0.0,0.0,0.0,0.0,0.0,0.0,0.0,0.0,0.0,1.0,0.0,0.0,0.0,0.0,0.0,0.0,0.0,0.0,0.052632,1.0,1.0,0.0,0.0,1.0,0.0,0.0,0.06,0.0,0.0,0
0.0,0.260602,0.053571,0.0,1.0,0.0,0.0,0.0,1.0,0.0,0.0,0.0,0.0,0.0,0.0,0.0,0.0,0.0,0.0,1.0,0.0,0.0,0.0,0.0,1.0,0.0,0.0,0.0,0.0,0.0,0.0,0.0,0.0,0.001404,1.0,1.0,0.0,1.0,0.0,0.0,1.0,0.08,0.0,0.0,0
0.0,0.27188,0.001429,0.0,1.0,0.0,0.0,0.0,1.0,0.0,0.0,0.0,0.0,0.0,0.0,0.0,1.0,0.0,0.0,0.0,0.0,0.0,0.0,0.0,1.0,0.0,0.0,0.0,0.0,0.0,0.0,0.0,0.0,0.001404,1.0,1.0,0.0,1.0,1.0,0.0,0.0,0.0,0.0,0.0,0
1.0,0.120301,0.419643,1.0,0.0,0.0,0.0,1.0,0.0,0.0,1.0,0.0,0.0,0.0,0.0,0.0,0.0,0.0,0.0,0.0,0.0,0.0,0.0,0.0,1.0,0.0,0.0,0.0,0.0,0.0,0.0,0.0,0.0,0.008772,1.0,1.0,0.0,0.0,1.0,0.0,0.0,0.09,0.0,0.0,0
1.0,0.062707,0.019286,1.0,0.0,0.0,0.0,1.0,0.0,0.0,1.0,0.0,0.0,0.0,0.0,0.0,0.0,0.0,0.0,0.0,0.0,0.0,0.0,0.0,1.0,0.0,0.0,0.0,0.0,0.0,0.0,0.0,0.0,0.061404,1.0,0.0,0.014925,0.0,1.0,0.0,0.0,0.04,5.0E-5,0.0,0
0.0,0.249323,0.017857,1.0,0.0,0.0,0.0,1.0,0.0,0.0,0.0,1.0,0.0,0.0,0.0,0.0,0.0,0.0,0.0,0.0,0.0,0.0,0.0,0.0,0.0,1.0,0.0,0.0,0.0,0.0,0.0,0.0,0.0,0.002982,1.0,1.0,0.0,0.0,0.0,0.0,1.0,0.126,0.0,0.0,0
0.0,0.572632,0.072857,0.0,1.0,0.0,0.0,0.0,1.0,0.0,0.0,0.0,0.0,0.0,0.0,0.0,0.0,0.0,0.0,0.0,0.0,0.0,0.0,1.0,0.0,0.0,0.0,0.0,0.0,0.0,0.0,1.0,0.0,0.052632,1.0,1.0,0.0,1.0,1.0,0.0,0.0,0.06,1.0E-5,0.0,0
0.0,0.502556,0.208393,1.0,0.0,0.0,0.0,1.0,0.0,0.0,0.0,0.0,0.0,0.0,0.0,0.0,0.0,0.0,0.0,1.0,0.0,0.0,0.0,0.0,1.0,0.0,0.0,0.0,0.0,0.0,0.0,0.0,0.0,0.192982,1.0,1.0,0.0,1.0,1.0,0.0,0.0,0.2325,0.0015,0.0,0
0.0,0.181654,0.458393,1.0,0.0,0.0,0.0,1.0,0.0,0.0,0.0,0.0,1.0,0.0,0.0,0.0,0.0,0.0,0.0,0.0,0.0,0.0,0.0,0.0,1.0,0.0,0.0,0.0,0.0,0.0,0.0,0.0,0.0,0.017544,1.0,1.0,0.0,1.0,1.0,0.0,0.0,0.0,2.0E-5,0.0,0
1.0,0.548872,0.029821,1.0,0.0,0.0,0.0,1.0,0.0,0.0,0.0,0.0,0.0,0.0,0.0,0.0,0.0,0.0,0.0,0.0,0.0,0.0,1.0,0.0,1.0,0.0,0.0,0.0,0.0,0.0,0.0,0.0,0.0,0.017544,1.0,1.0,0.0,0.0,1.0,0.0,0.0,0.12,0.00117,0.0,0
0.0,0.236842,0.071429,0.0,1.0,0.0,0.0,0.0,1.0,0.0,0.0,0.0,0.0,0.0,0.0,0.0,0.0,0.0,0.0,0.0,0.0,1.0,0.0,0.0,0.0,1.0,0.0,0.0,0.0,0.0,0.0,0.0,0.0,0.070175,1.0,1.0,0.0,1.0,1.0,0.0,0.0,0.128,1.7E-4,0.0,0
1.0,0.354586,0.089286,1.0,0.0,0.0,0.0,1.0,0.0,0.0,0.0,0.0,0.0,1.0,0.0,0.0,0.0,0.0,0.0,0.0,0.0,0.0,0.0,0.0,0.0,1.0,0.0,0.0,0.0,0.0,0.0,0.0,0.0,0.007368,1.0,1.0,0.0,1.0,1.0,0.0,0.0,0.13,0.00246,0.0,0
1.0,0.418496,0.037143,1.0,0.0,0.0,0.0,1.0,0.0,0.0,0.0,0.0,0.0,0.0,0.0,0.0,0.0,0.0,0.0,0.0,0.0,0.0,1.0,0.0,1.0,0.0,0.0,0.0,0.0,0.0,0.0,0.0,0.0,0.023333,1.0,1.0,0.0,1.0,1.0,0.0,0.0,0.12,0.00237,0.0,0
1.0,0.253083,0.380893,1.0,0.0,0.0,0.0,1.0,0.0,0.0,0.0,0.0,0.0,0.0,0.0,0.0,0.0,0.0,1.0,0.0,0.0,0.0,0.0,0.0,0.0,1.0,0.0,0.0,0.0,0.0,0.0,0.0,0.0,0.002982,1.0,0.0,0.179104,0.0,1.0,0.0,0.0,0.0645,3.0E-5,0.0,1
0.0,0.085263,0.258929,1.0,0.0,0.0,0.0,1.0,0.0,0.0,0.0,0.0,0.0,0.0,0.0,0.0,1.0,0.0,0.0,0.0,0.0,0.0,0.0,0.0,1.0,0.0,0.0,0.0,0.0,0.0,0.0,0.0,0.0,0.001404,1.0,0.0,0.014925,1.0,1.0,0.0,0.0,0.05,1.0E-5,0.0,0
1.0,0.062707,0.364643,1.0,0.0,0.0,0.0,1.0,0.0,0.0,0.0,0.0,0.0,0.0,0.0,0.0,0.0,0.0,0.0,0.0,0.0,0.0,0.0,1.0,0.0,0.0,0.0,0.0,0.0,0.0,0.0,1.0,0.0,0.0,1.0,1.0,0.0,1.0,1.0,0.0,0.0,0.0,5.0E-4,0.0,0
1.0,0.095188,0.044643,1.0,0.0,0.0,0.0,1.0,0.0,0.0,1.0,0.0,0.0,0.0,0.0,0.0,0.0,0.0,0.0,0.0,0.0,0.0,0.0,0.0,1.0,0.0,0.0,0.0,0.0,0.0,0.0,0.0,0.0,0.0,1.0,1.0,0.0,1.0,1.0,0.0,0.0,0.0,0.0,0.0,0
0.0,0.086466,0.010357,1.0,0.0,0.0,0.0,1.0,0.0,0.0,0.0,0.0,0.0,0.0,0.0,1.0,0.0,0.0,0.0,0.0,0.0,0.0,0.0,0.0,1.0,0.0,0.0,0.0,0.0,0.0,0.0,0.0,0.0,0.010175,1.0,1.0,0.0,1.0,1.0,0.0,0.0,0.14,0.00364,0.0,0
0.0,0.211729,0.035714,0.0,1.0,0.0,0.0,0.0,1.0,0.0,0.0,1.0,0.0,0.0,0.0,0.0,0.0,0.0,0.0,0.0,0.0,0.0,0.0,0.0,0.0,1.0,0.0,0.0,0.0,0.0,0.0,0.0,0.0,0.105263,1.0,1.0,0.0,1.0,1.0,0.0,0.0,0.088,0.00537,0.0,0
0.0,0.050075,0.1175,1.0,0.0,0.0,0.0,1.0,0.0,0.0,0.0,0.0,0.0,1.0,0.0,0.0,0.0,0.0,0.0,0.0,0.0,0.0,0.0,0.0,1.0,0.0,0.0,0.0,0.0,0.0,0.0,0.0,0.0,0.011754,1.0,1.0,0.0,0.0,1.0,0.0,0.0,0.07,2.0E-5,0.0,0
0.0,0.340902,0.026786,0.0,1.0,0.0,0.0,0.0,1.0,0.0,0.0,1.0,0.0,0.0,0.0,0.0,0.0,0.0,0.0,0.0,0.0,0.0,0.0,0.0,1.0,0.0,0.0,0.0,0.0,0.0,0.0,0.0,0.0,0.020526,1.0,1.0,0.0,1.0,1.0,0.0,0.0,0.12,3.0E-5,0.0,0
0.0,0.403459,0.1175,1.0,0.0,0.0,0.0,1.0,0.0,0.0,0.0,0.0,0.0,0.0,0.0,0.0,1.0,0.0,0.0,0.0,0.0,0.0,0.0,0.0,1.0,0.0,0.0,0.0,0.0,0.0,0.0,0.0,0.0,0.122807,1.0,1.0,0.0,0.0,0.0,0.0,1.0,0.2,0.0,0.0,0
0.0,0.110226,0.360179,0.0,1.0,0.0,0.0,0.0,1.0,0.0,0.0,0.0,0.0,0.0,0.0,0.0,0.0,0.0,0.0,0.0,0.0,1.0,0.0,0.0,0.0,1.0,0.0,0.0,0.0,0.0,0.0,0.0,0.0,0.04386,1.0,1.0,0.0,1.0,1.0,0.0,0.0,0.13,0.0,0.0,0
1.0,0.134135,0.026786,1.0,0.0,0.0,0.0,1.0,0.0,0.0,1.0,0.0,0.0,0.0,0.0,0.0,0.0,0.0,0.0,0.0,0.0,0.0,0.0,0.0,1.0,0.0,0.0,0.0,0.0,0.0,0.0,0.0,0.0,0.070175,1.0,0.0,0.029851,0.0,1.0,0.0,0.0,0.1,0.00394,0.0,0
1.0,0.172932,0.482143,0.0,1.0,0.0,0.0,0.0,1.0,0.0,0.0,0.0,0.0,0.0,0.0,0.0,0.0,0.0,0.0,0.0,0.0,0.0,0.0,1.0,0.0,0.0,0.0,0.0,0.0,0.0,0.0,1.0,0.0,0.070175,1.0,0.0,0.014925,0.0,1.0,0.0,0.0,0.1,1.0E-5,0.0,0
0.0,0.062707,0.007321,1.0,0.0,0.0,0.0,1.0,0.0,0.0,0.0,0.0,0.0,0.0,0.0,0.0,0.0,0.0,0.0,0.0,0.0,0.0,1.0,0.0,1.0,0.0,0.0,0.0,0.0,0.0,0.0,0.0,0.0,0.001404,1.0,1.0,0.0,1.0,1.0,0.0,0.0,0.14,0.0075,0.0,0
0.0,0.319549,0.120536,1.0,0.0,0.0,0.0,1.0,0.0,0.0,1.0,0.0,0.0,0.0,0.0,0.0,0.0,0.0,0.0,0.0,0.0,0.0,0.0,0.0,0.0,1.0,0.0,0.0,0.0,0.0,0.0,0.0,0.0,0.290877,1.0,1.0,0.0,0.0,1.0,0.0,0.0,0.0,0.0,0.0,0
